,Lintang (deg),Bujur (deg),Tanggal (dd/mm/yyy),Tingkat Kepercayaan (%),Kecamatan,Kabupaten,Provinsi
125,-0.570337,101.42214200000001,2014-08-12,87.0,Kuatan Mudik,Kuantan Singingi,Riau
1134,-0.161856,101.537575,2018-08-21,78.0,Logas Tanah Darat,Kuantan Singingi,Riau
1401,-0.513267,101.24252299999999,2016-08-03,64.0,Singingi,Kuantan Singingi,Riau
1407,-0.21954899999999997,101.187546,2016-08-05,67.0,Singingi Hilir,Kuantan Singingi,Riau
1411,-0.21944699999999998,101.18768299999999,2016-08-05,64.0,Singingi Hilir,Kuantan Singingi,Riau
1448,-0.780615,101.478,2016-08-07,65.0,Kuantan Mudik,Kuantan Singingi,Riau
1631,-0.20804499999999998,101.197,2016-08-13,49.0,Singingi Hilir,Kuantan Singingi,Riau
1865,-0.8281649999999999,101.656242,2016-08-16,94.0,Kuantan Mudik,Kuantan Singingi,Riau
2043,-0.9292969999999999,101.89200000000001,2016-08-23,81.0,Kuantan Mudik,Kuantan Singingi,Riau
3405,-0.161856,101.537575,2018-08-21,78.0,Logas Tanah Darat,Kuantan Singingi,Riau
7200,-0.49965,101.86808,2014-04-12,49.0,Cerenti,Kuantan Singingi,Riau
7205,-0.721562,101.748726,2014-04-15,58.0,Kuatan Mudik,Kuantan Singingi,Riau
7206,-0.325846,103.151749,2014-04-15,57.0,Kuatan Mudik,Kuantan Singingi,Riau
7230,-0.59295,101.47374,2014-04-22,64.0,Kuatan Mudik,Kuantan Singingi,Riau
7301,-0.7276560000000001,101.751999,2014-04-15,57.0,Kuatan Mudik,Kuantan Singingi,Riau
7317,-0.212369,101.264679,2014-04-17,40.0,Singingi,Kuantan Singingi,Riau
7362,-0.138744,101.204338,2014-04-26,58.0,Singingi,Kuantan Singingi,Riau
7407,-0.608486,101.746696,2015-04-06,33.0,Kuatan Hilir,Kuantan Singingi,Riau
7509,-0.9418569999999999,101.71157099999999,2015-04-18,49.0,Kuatan Mudik,Kuantan Singingi,Riau
8622,-0.775567,101.799934,2016-04-29,47.0,Kuatan Mudik,Kuantan Singingi,Riau
8633,-0.9221030000000001,101.70475,2016-04-29,64.0,Kuatan Mudik,Kuantan Singingi,Riau
8646,-0.861081,101.709,2016-04-28,43.0,Kuatan Mudik,Kuantan Singingi,Riau
8647,-0.8473139999999999,101.70700000000001,2016-04-28,39.0,Kuatan Mudik,Kuantan Singingi,Riau
9306,-0.666999,101.790756,2014-12-06,75.0,Kuatan Hilir,Kuantan Singingi,Riau
9310,-0.15926700000000002,101.555511,2014-12-06,81.0,Kuatan Hilir,Kuantan Singingi,Riau
9316,-0.80382,101.587227,2014-12-08,65.0,Kuatan Mudik,Kuantan Singingi,Riau
9374,-0.946363,101.723,2015-12-22,67.0,Kuatan Mudik,Kuantan Singingi,Riau
9380,-0.946363,101.723,2015-12-22,67.0,Kuatan Mudik,Kuantan Singingi,Riau
9386,-0.946363,101.723,2015-12-22,67.0,Kuatan Mudik,Kuantan Singingi,Riau
9392,-0.946363,101.723,2015-12-22,67.0,Kuatan Mudik,Kuantan Singingi,Riau
9398,-0.946363,101.723,2015-12-22,67.0,Kuatan Mudik,Kuantan Singingi,Riau
9404,-0.946363,101.723,2015-12-22,67.0,Kuatan Mudik,Kuantan Singingi,Riau
9410,-0.946363,101.723,2015-12-22,67.0,Kuatan Mudik,Kuantan Singingi,Riau
9416,-0.946363,101.723,2015-12-22,67.0,Kuatan Mudik,Kuantan Singingi,Riau
9422,-0.946363,101.723,2015-12-22,67.0,Kuatan Mudik,Kuantan Singingi,Riau
9428,-0.946363,101.723,2015-12-22,67.0,Kuatan Mudik,Kuantan Singingi,Riau
9435,-0.946363,101.723,2015-12-22,67.0,Kuatan Mudik,Kuantan Singingi,Riau
9442,-0.946363,101.723,2015-12-22,67.0,Kuatan Mudik,Kuantan Singingi,Riau
9448,-0.946363,101.723,2015-12-22,67.0,Kuatan Mudik,Kuantan Singingi,Riau
9455,-0.946363,101.723,2015-12-22,67.0,Kuatan Mudik,Kuantan Singingi,Riau
9926,-0.27087100000000003,101.625328,2014-02-03,40.0,Kuatan Hilir,Kuantan Singingi,Riau
10127,-0.8966059999999999,101.723114,2014-02-12,49.0,Kuatan Mudik,Kuantan Singingi,Riau
10128,-0.897955,101.713707,2014-02-12,54.0,Kuatan Mudik,Kuantan Singingi,Riau
13331,-0.292173,101.661,2017-02-10,78.0,Logas Tanah Darat,Kuantan Singingi,Riau
14908,-0.752163,101.817139,2015-01-05,96.0,Kuatan Mudik,Kuantan Singingi,Riau
14909,-0.322432,103.15136,2015-01-05,62.0,Kuatan Mudik,Kuantan Singingi,Riau
14910,-0.457564,101.623253,2015-01-05,69.0,Kuatan Tengah,Kuantan Singingi,Riau
14911,-0.458838,101.614357,2015-01-05,65.0,Kuatan Tengah,Kuantan Singingi,Riau
14913,-0.194025,101.539955,2015-01-05,35.0,Kuatan Hilir,Kuantan Singingi,Riau
14915,-0.154406,101.561485,2015-01-05,71.0,Kuatan Hilir,Kuantan Singingi,Riau
14918,-0.5199090000000001,101.75643199999999,2015-01-07,55.0,Kuatan Hilir,Kuantan Singingi,Riau
14919,-0.521513,101.7453,2015-01-07,70.0,Kuatan Hilir,Kuantan Singingi,Riau
14921,-0.329831,101.728622,2015-01-07,39.0,Kuatan Hilir,Kuantan Singingi,Riau
14927,-0.5199090000000001,101.75643199999999,2015-01-07,55.0,Kuatan Hilir,Kuantan Singingi,Riau
14928,-0.521513,101.7453,2015-01-07,70.0,Kuatan Hilir,Kuantan Singingi,Riau
14930,-0.329831,101.728622,2015-01-07,39.0,Kuatan Hilir,Kuantan Singingi,Riau
14934,-0.888999,101.718163,2015-01-12,76.0,Kuatan Mudik,Kuantan Singingi,Riau
14936,-0.6381319999999999,101.810501,2015-01-12,67.0,Kuatan Hilir,Kuantan Singingi,Riau
14958,-0.381282,101.390297,2015-01-16,63.0,Singingi,Kuantan Singingi,Riau
14959,-0.38362399999999997,101.385551,2015-01-16,44.0,Singingi,Kuantan Singingi,Riau
15023,-0.73297,101.74,2015-01-05,88.0,Kuatan Mudik,Kuantan Singingi,Riau
15417,-0.874706,101.713,2017-01-13,70.0,Kuantan Mudik,Kuantan Singingi,Riau
15421,-0.57912,101.291,2017-01-16,62.0,Hulu Kuantan,Kuantan Singingi,Riau
15508,-0.560276,101.44,2018-01-17,46.0,Gunung Toar,Kuantan Singingi,Riau
15882,-0.6130369999999999,101.67819200000001,2014-07-01,59.0,Kuatan Tengah,Kuantan Singingi,Riau
15883,0.504616,108.980507,2014-07-01,85.0,Kuatan Tengah,Kuantan Singingi,Riau
15884,0.503292,108.97113,2014-07-01,80.0,Kuatan Tengah,Kuantan Singingi,Riau
15929,-0.175946,101.54744699999999,2014-07-06,70.0,Kuatan Hilir,Kuantan Singingi,Riau
16002,-0.159598,101.56028,2014-07-15,53.0,Kuatan Hilir,Kuantan Singingi,Riau
16166,-0.8874780000000001,101.716858,2014-07-20,73.0,Kuatan Mudik,Kuantan Singingi,Riau
16175,-0.151903,101.52621500000001,2014-07-20,77.0,Kuatan Hilir,Kuantan Singingi,Riau
16176,-0.361645,100.053787,2014-07-20,29.0,Kuatan Hilir,Kuantan Singingi,Riau
16403,-0.84388,101.683098,2014-07-22,84.0,Kuatan Mudik,Kuantan Singingi,Riau
16404,-0.8119810000000001,101.84225500000001,2014-07-22,79.0,Kuatan Mudik,Kuantan Singingi,Riau
16405,-0.813311,101.83284,2014-07-22,100.0,Kuatan Mudik,Kuantan Singingi,Riau
16407,-0.642543,101.805748,2014-07-22,33.0,Kuatan Hilir,Kuantan Singingi,Riau
16450,-0.820363,101.656357,2014-07-24,87.0,Kuatan Mudik,Kuantan Singingi,Riau
16451,-0.822456,101.64190699999999,2014-07-24,67.0,Kuatan Mudik,Kuantan Singingi,Riau
16452,-0.738136,101.833519,2014-07-24,74.0,Kuatan Mudik,Kuantan Singingi,Riau
16453,-0.738216,101.828117,2014-07-24,61.0,Kuatan Mudik,Kuantan Singingi,Riau
16520,-0.837241,101.855522,2014-07-26,23.0,Kuatan Mudik,Kuantan Singingi,Riau
16768,-0.643023,101.809647,2014-07-17,28.0,Kuatan Hilir,Kuantan Singingi,Riau
16782,-0.15295999999999998,101.52179,2014-07-19,57.0,Kuatan Hilir,Kuantan Singingi,Riau
17030,-0.606805,101.690407,2014-07-20,41.0,Kuatan Tengah,Kuantan Singingi,Riau
17031,-0.6087600000000001,101.703552,2014-07-20,48.0,Kuatan Tengah,Kuantan Singingi,Riau
17036,-0.848941,101.681389,2014-07-21,71.0,Kuatan Mudik,Kuantan Singingi,Riau
17037,-0.739698,101.807121,2014-07-21,75.0,Kuatan Mudik,Kuantan Singingi,Riau
17038,-0.740272,101.801666,2014-07-21,34.0,Kuatan Mudik,Kuantan Singingi,Riau
17039,-0.247117,101.641762,2014-07-21,38.0,Kuatan Hilir,Kuantan Singingi,Riau
17164,-0.143761,101.539948,2014-07-22,25.0,Kuatan Hilir,Kuantan Singingi,Riau
17168,-0.15144200000000002,101.529663,2014-07-22,67.0,Kuatan Hilir,Kuantan Singingi,Riau
17169,-0.15276900000000002,101.538658,2014-07-22,43.0,Kuatan Hilir,Kuantan Singingi,Riau
17241,-0.283461,101.68807199999999,2014-07-24,76.0,Kuatan Hilir,Kuantan Singingi,Riau
17242,-0.285054,101.676781,2014-07-24,51.0,Kuatan Hilir,Kuantan Singingi,Riau
17345,-0.8528709999999999,101.704842,2014-07-26,100.0,Kuatan Mudik,Kuantan Singingi,Riau
17346,-0.7749550000000001,101.802635,2014-07-26,100.0,Kuatan Mudik,Kuantan Singingi,Riau
17349,-0.302881,101.625473,2014-07-26,100.0,Kuatan Hilir,Kuantan Singingi,Riau
17350,-0.30415,101.616577,2014-07-26,70.0,Kuatan Hilir,Kuantan Singingi,Riau
17506,-0.948894,101.901512,2015-07-02,71.0,Kuatan Mudik,Kuantan Singingi,Riau
17507,-0.95045,101.890488,2015-07-02,75.0,Kuatan Mudik,Kuantan Singingi,Riau
17510,-0.8372370000000001,101.680412,2015-07-02,64.0,Kuatan Mudik,Kuantan Singingi,Riau
17511,-0.7138869999999999,101.609886,2015-07-02,53.0,Kuatan Mudik,Kuantan Singingi,Riau
17512,-0.715487,101.598564,2015-07-02,61.0,Kuatan Mudik,Kuantan Singingi,Riau
17542,-0.8677870000000001,101.694458,2015-07-02,40.0,Kuatan Mudik,Kuantan Singingi,Riau
17543,-0.403003,101.300392,2015-07-05,60.0,Singingi,Kuantan Singingi,Riau
17607,-0.951089,101.884064,2015-07-09,93.0,Kuatan Mudik,Kuantan Singingi,Riau
17608,-0.9524290000000001,101.874741,2015-07-09,76.0,Kuatan Mudik,Kuantan Singingi,Riau
17620,-0.47591700000000003,101.467148,2015-07-09,48.0,Kuatan Tengah,Kuantan Singingi,Riau
17811,-0.463521,101.347946,2015-07-01,83.0,Singingi,Kuantan Singingi,Riau
17817,-0.868977,101.69532,2015-07-02,36.0,Kuatan Mudik,Kuantan Singingi,Riau
17907,-0.19581300000000001,101.22306800000001,2015-07-09,54.0,Singingi,Kuantan Singingi,Riau
17908,-0.197141,101.232063,2015-07-09,59.0,Singingi,Kuantan Singingi,Riau
17912,-0.4805680000000001,101.468338,2015-07-09,51.0,Kuatan Tengah,Kuantan Singingi,Riau
17915,-0.928055,101.880714,2015-07-09,68.0,Kuatan Mudik,Kuantan Singingi,Riau
17916,-0.946462,101.878105,2015-07-09,67.0,Kuatan Mudik,Kuantan Singingi,Riau
17917,-0.9478540000000001,101.88755,2015-07-09,90.0,Kuatan Mudik,Kuantan Singingi,Riau
17974,-0.238798,101.6297,2015-07-16,87.0,Kuatan Hilir,Kuantan Singingi,Riau
17977,-0.21239,101.238602,2015-07-16,64.0,Singingi,Kuantan Singingi,Riau
17978,-0.213664,101.229675,2015-07-16,100.0,Singingi,Kuantan Singingi,Riau
17979,-0.162736,101.52239200000001,2015-07-16,83.0,Kuatan Hilir,Kuantan Singingi,Riau
17980,-0.20469600000000002,101.228394,2015-07-16,77.0,Singingi,Kuantan Singingi,Riau
18000,-0.238798,101.6297,2015-07-16,87.0,Kuatan Hilir,Kuantan Singingi,Riau
18003,-0.21239,101.238602,2015-07-16,64.0,Singingi,Kuantan Singingi,Riau
18004,-0.213664,101.229675,2015-07-16,100.0,Singingi,Kuantan Singingi,Riau
18005,-0.162736,101.52239200000001,2015-07-16,83.0,Kuatan Hilir,Kuantan Singingi,Riau
18006,-0.20469600000000002,101.228394,2015-07-16,77.0,Singingi,Kuantan Singingi,Riau
18055,-0.23800700000000002,101.24249300000001,2015-07-18,61.0,Singingi,Kuantan Singingi,Riau
18056,-0.22777399999999998,101.24101999999999,2015-07-18,100.0,Singingi,Kuantan Singingi,Riau
18057,-0.229448,101.229279,2015-07-18,80.0,Singingi,Kuantan Singingi,Riau
18058,0.189412,102.810364,2015-07-18,50.0,Singingi,Kuantan Singingi,Riau
18059,0.188038,102.80070500000001,2015-07-18,43.0,Singingi,Kuantan Singingi,Riau
18060,0.423117,102.97287,2015-07-18,43.0,Singingi,Kuantan Singingi,Riau
18061,0.719222,102.854347,2015-07-18,11.0,Singingi,Kuantan Singingi,Riau
18089,-0.832145,101.598114,2015-07-22,19.0,Kuatan Mudik,Kuantan Singingi,Riau
18113,-0.832145,101.598106,2015-07-22,19.0,Kuatan Mudik,Kuantan Singingi,Riau
18141,-0.645523,101.81591,2015-07-23,51.0,Kuatan Hilir,Kuantan Singingi,Riau
18343,-0.810385,101.85539200000001,2015-07-25,62.0,Kuatan Mudik,Kuantan Singingi,Riau
18359,-0.272134,101.62623599999999,2015-07-25,72.0,Kuatan Hilir,Kuantan Singingi,Riau
18376,-0.129261,101.535439,2015-07-25,78.0,Kuatan Hilir,Kuantan Singingi,Riau
18482,-0.7256640000000001,101.511841,2015-07-25,61.0,Kuatan Mudik,Kuantan Singingi,Riau
18485,-0.740345,101.82940699999999,2015-07-27,42.0,Kuatan Mudik,Kuantan Singingi,Riau
18495,-0.291988,101.348015,2015-07-27,75.0,Singingi,Kuantan Singingi,Riau
18496,-0.294123,101.332741,2015-07-27,69.0,Singingi,Kuantan Singingi,Riau
18497,-0.29490700000000003,101.343102,2015-07-27,80.0,Singingi,Kuantan Singingi,Riau
18557,-0.876958,101.713,2015-07-01,80.0,Kuatan Mudik,Kuantan Singingi,Riau
18559,-0.870495,101.698,2015-07-02,53.0,Kuatan Mudik,Kuantan Singingi,Riau
18560,-0.865721,101.69200000000001,2015-07-02,42.0,Kuatan Mudik,Kuantan Singingi,Riau
18578,-0.20866300000000002,101.193,2015-07-04,64.0,Singingi,Kuantan Singingi,Riau
18582,-0.9311010000000001,101.699,2015-07-05,46.0,Kuatan Mudik,Kuantan Singingi,Riau
18587,-0.824765,101.631,2015-07-05,100.0,Kuatan Mudik,Kuantan Singingi,Riau
18588,-0.8258270000000001,101.624,2015-07-05,66.0,Kuatan Mudik,Kuantan Singingi,Riau
18589,-0.801369,101.62799999999999,2015-07-05,59.0,Kuatan Mudik,Kuantan Singingi,Riau
18590,-0.793153,101.62700000000001,2015-07-05,57.0,Kuatan Mudik,Kuantan Singingi,Riau
18676,-0.948256,101.896,2015-07-09,100.0,Kuatan Mudik,Kuantan Singingi,Riau
18716,-0.183668,101.234,2015-07-09,82.0,Singingi,Kuantan Singingi,Riau
18717,0.132001,103.214,2015-07-09,36.0,Singingi,Kuantan Singingi,Riau
18771,-0.9588200000000001,101.889,2015-07-09,40.0,Kuatan Mudik,Kuantan Singingi,Riau
19003,-0.11498299999999999,101.5,2015-07-11,79.0,Kuatan Hilir,Kuantan Singingi,Riau
19070,-0.208382,101.235,2015-07-16,100.0,Singingi,Kuantan Singingi,Riau
19071,-0.209814,101.226,2015-07-16,86.0,Singingi,Kuantan Singingi,Riau
19072,-0.205262,101.236,2015-07-16,100.0,Singingi,Kuantan Singingi,Riau
19073,-0.206763,101.227,2015-07-16,100.0,Singingi,Kuantan Singingi,Riau
19153,-0.674927,101.5,2015-07-21,100.0,Kuatan Mudik,Kuantan Singingi,Riau
19160,-0.164616,101.527,2015-07-21,81.0,Kuatan Hilir,Kuantan Singingi,Riau
19161,-0.207488,101.242,2015-07-21,55.0,Singingi,Kuantan Singingi,Riau
19193,-0.109052,101.509,2015-07-21,84.0,Kuatan Hilir,Kuantan Singingi,Riau
19195,-0.566901,101.41,2015-07-21,46.0,Kuatan Mudik,Kuantan Singingi,Riau
19196,-0.7675810000000001,101.788,2015-07-21,65.0,Kuatan Mudik,Kuantan Singingi,Riau
19197,-0.768799,101.796,2015-07-21,46.0,Kuatan Mudik,Kuantan Singingi,Riau
19257,-0.7918430000000001,101.781,2015-07-25,100.0,Kuatan Mudik,Kuantan Singingi,Riau
19284,-0.172692,101.54,2015-07-25,76.0,Kuatan Hilir,Kuantan Singingi,Riau
19287,-0.15923800000000002,101.538,2015-07-25,82.0,Kuatan Hilir,Kuantan Singingi,Riau
19295,-0.11099300000000001,101.508,2015-07-25,64.0,Kuatan Hilir,Kuantan Singingi,Riau
19339,-0.787968,101.785,2015-07-26,100.0,Kuatan Mudik,Kuantan Singingi,Riau
19340,-0.789272,101.77600000000001,2015-07-26,100.0,Kuatan Mudik,Kuantan Singingi,Riau
19347,-0.592143,101.40100000000001,2015-07-26,91.0,Kuatan Mudik,Kuantan Singingi,Riau
19348,-0.44191199999999997,101.271,2015-07-26,96.0,Singingi,Kuantan Singingi,Riau
19349,-0.44328999999999996,101.262,2015-07-26,76.0,Singingi,Kuantan Singingi,Riau
19361,-0.15471600000000002,101.539,2015-07-26,44.0,Kuatan Hilir,Kuantan Singingi,Riau
19720,-0.937385,101.877205,2015-07-29,73.0,Kuatan Mudik,Kuantan Singingi,Riau
19744,-0.701075,101.533684,2015-07-29,32.0,Kuatan Mudik,Kuantan Singingi,Riau
19780,-0.303026,101.615509,2015-07-29,80.0,Kuatan Hilir,Kuantan Singingi,Riau
19853,-0.923415,101.900963,2015-07-30,95.0,Kuatan Mudik,Kuantan Singingi,Riau
19854,-0.925113,101.889381,2015-07-30,58.0,Kuatan Mudik,Kuantan Singingi,Riau
19857,-0.826789,101.856667,2015-07-30,72.0,Kuatan Mudik,Kuantan Singingi,Riau
19933,-0.7690520000000001,101.793785,2015-07-30,39.0,Kuatan Mudik,Kuantan Singingi,Riau
19935,-0.7815770000000001,101.792244,2015-07-30,71.0,Kuatan Mudik,Kuantan Singingi,Riau
19966,-0.875339,101.719727,2016-07-02,64.0,Kuantan Mudik,Kuantan Singingi,Riau
19968,-0.591432,101.842735,2016-07-02,59.0,Cerenti,Kuantan Singingi,Riau
19971,-0.2028,101.21041899999999,2016-07-02,85.0,Singingi Hilir,Kuantan Singingi,Riau
19990,-0.59128,101.84,2016-07-02,50.0,Cerenti,Kuantan Singingi,Riau
19991,-0.20183800000000002,101.214,2016-07-02,75.0,Singingi Hilir,Kuantan Singingi,Riau
20029,-0.8172149999999999,101.669601,2016-07-04,73.0,Kuantan Mudik,Kuantan Singingi,Riau
20030,-0.608841,101.349731,2016-07-04,71.0,Hulu Kuantan,Kuantan Singingi,Riau
20074,-0.512263,101.30502299999999,2016-07-05,22.0,Singingi,Kuantan Singingi,Riau
20101,-0.21838400000000002,101.199,2016-07-05,71.0,Singingi Hilir,Kuantan Singingi,Riau
20105,-0.8179649999999999,101.659256,2016-07-05,74.0,Kuantan Mudik,Kuantan Singingi,Riau
20114,-0.8217399999999999,101.661,2016-07-05,42.0,Kuantan Mudik,Kuantan Singingi,Riau
20115,-0.8215620000000001,101.662,2016-07-05,50.0,Kuantan Mudik,Kuantan Singingi,Riau
20116,0.0,134.0,2016-07-06,41.0,Kuantan Mudik,Kuantan Singingi,Riau
20127,-0.882919,101.78200000000001,2016-07-06,72.0,Kuantan Mudik,Kuantan Singingi,Riau
20159,-0.748953,101.73700000000001,2016-07-07,51.0,Kuantan Mudik,Kuantan Singingi,Riau
20256,-0.125641,101.278534,2016-07-11,31.0,Singingi Hilir,Kuantan Singingi,Riau
20260,-0.125641,101.278526,2016-07-11,32.0,Singingi Hilir,Kuantan Singingi,Riau
20315,-0.935032,101.694626,2016-07-13,48.0,Kuantan Mudik,Kuantan Singingi,Riau
20316,-0.935001,101.694626,2016-07-13,48.0,Kuantan Mudik,Kuantan Singingi,Riau
20522,-0.20519,101.195,2017-07-25,100.0,Singingi Hilir,Kuantan Singingi,Riau
22105,-0.825039,101.670456,2014-06-08,60.0,Kuatan Mudik,Kuantan Singingi,Riau
22106,-0.82311,101.665192,2014-06-08,56.0,Kuatan Mudik,Kuantan Singingi,Riau
22107,-0.609995,101.673721,2014-06-08,53.0,Kuatan Tengah,Kuantan Singingi,Riau
22128,-0.924607,101.884445,2014-06-09,93.0,Kuatan Mudik,Kuantan Singingi,Riau
22151,-0.194933,101.200165,2014-06-11,81.0,Singingi,Kuantan Singingi,Riau
22152,-0.18597,101.198875,2014-06-11,95.0,Singingi,Kuantan Singingi,Riau
22179,-0.8094600000000001,101.669815,2014-06-13,44.0,Kuatan Mudik,Kuantan Singingi,Riau
22180,-0.299989,101.37335999999999,2014-06-13,60.0,Singingi,Kuantan Singingi,Riau
22181,-0.302537,101.368088,2014-06-13,66.0,Singingi,Kuantan Singingi,Riau
22226,-0.200246,101.209694,2014-06-16,82.0,Singingi,Kuantan Singingi,Riau
22227,0.124322,102.802521,2014-06-16,35.0,Singingi,Kuantan Singingi,Riau
22254,-0.810319,101.606285,2014-06-17,45.0,Kuatan Mudik,Kuantan Singingi,Riau
22255,-0.8201959999999999,101.602783,2014-06-17,45.0,Kuatan Mudik,Kuantan Singingi,Riau
22347,-0.312737,101.21199,2014-06-20,99.0,Singingi,Kuantan Singingi,Riau
22348,-0.31416,101.202164,2014-06-20,76.0,Singingi,Kuantan Singingi,Riau
22352,-0.172488,101.549454,2014-06-20,43.0,Kuatan Hilir,Kuantan Singingi,Riau
22499,-0.4353260000000001,101.385124,2014-06-22,43.0,Singingi,Kuantan Singingi,Riau
22570,-0.4353260000000001,101.385124,2014-06-22,43.0,Singingi,Kuantan Singingi,Riau
22870,-0.799127,101.834114,2014-06-11,31.0,Kuatan Mudik,Kuantan Singingi,Riau
22886,-0.799128,101.834122,2014-06-11,31.0,Kuatan Mudik,Kuantan Singingi,Riau
22901,-0.608326,101.671913,2014-06-17,41.0,Kuatan Tengah,Kuantan Singingi,Riau
22902,-0.6081989999999999,101.68695100000001,2014-06-17,59.0,Kuatan Tengah,Kuantan Singingi,Riau
22950,-0.485446,101.284279,2014-06-18,70.0,Singingi,Kuantan Singingi,Riau
23045,-0.8338399999999999,101.671631,2014-06-21,84.0,Kuatan Mudik,Kuantan Singingi,Riau
23046,-0.8315620000000001,101.664902,2014-06-21,74.0,Kuatan Mudik,Kuantan Singingi,Riau
23135,-0.185635,101.216385,2014-06-22,88.0,Singingi,Kuantan Singingi,Riau
23136,-2.768824,106.17608600000001,2014-06-22,72.0,Singingi,Kuantan Singingi,Riau
23137,-2.773747,105.490219,2014-06-22,56.0,Singingi,Kuantan Singingi,Riau
23223,-0.6554760000000001,101.79274699999999,2015-06-07,82.0,Kuatan Hilir,Kuantan Singingi,Riau
23247,-0.721478,101.526375,2015-06-21,62.0,Kuatan Mudik,Kuantan Singingi,Riau
23252,-0.17581,101.219597,2015-06-21,58.0,Singingi,Kuantan Singingi,Riau
23281,-0.174709,101.521225,2015-06-23,69.0,Kuatan Hilir,Kuantan Singingi,Riau
23286,-0.112595,101.505753,2015-06-23,58.0,Kuatan Hilir,Kuantan Singingi,Riau
23325,-0.777459,101.798241,2015-06-25,67.0,Kuatan Mudik,Kuantan Singingi,Riau
23326,-0.7794989999999999,101.784233,2015-06-25,80.0,Kuatan Mudik,Kuantan Singingi,Riau
23327,-0.749307,101.836899,2015-06-25,68.0,Kuatan Mudik,Kuantan Singingi,Riau
23328,-0.751311,101.822968,2015-06-25,59.0,Kuatan Mudik,Kuantan Singingi,Riau
23329,-0.763523,101.57830799999999,2015-06-25,71.0,Kuatan Mudik,Kuantan Singingi,Riau
23330,-0.7655890000000001,101.563766,2015-06-25,71.0,Kuatan Mudik,Kuantan Singingi,Riau
23336,-0.162966,101.52295699999999,2015-06-25,67.0,Kuatan Hilir,Kuantan Singingi,Riau
23372,-0.200992,101.218407,2015-06-27,59.0,Singingi,Kuantan Singingi,Riau
23377,-0.197243,101.239876,2015-06-27,48.0,Singingi,Kuantan Singingi,Riau
23415,-0.184125,101.57047299999999,2015-06-28,71.0,Kuatan Hilir,Kuantan Singingi,Riau
23416,0.085752,103.372589,2015-06-28,45.0,Kuatan Hilir,Kuantan Singingi,Riau
23417,0.09508,103.355492,2015-06-28,39.0,Kuatan Hilir,Kuantan Singingi,Riau
23423,-0.158855,101.531952,2015-06-28,100.0,Kuatan Hilir,Kuantan Singingi,Riau
23424,-0.160493,101.520668,2015-06-28,87.0,Kuatan Hilir,Kuantan Singingi,Riau
23425,-0.11221700000000001,101.508209,2015-06-28,80.0,Kuatan Hilir,Kuantan Singingi,Riau
23544,-0.164734,101.53968,2015-06-23,60.0,Kuatan Hilir,Kuantan Singingi,Riau
23545,-0.172434,101.529312,2015-06-23,86.0,Kuatan Hilir,Kuantan Singingi,Riau
23546,-0.173787,101.53840600000001,2015-06-23,43.0,Kuatan Hilir,Kuantan Singingi,Riau
23547,-0.181565,101.53076899999999,2015-06-23,51.0,Kuatan Hilir,Kuantan Singingi,Riau
23548,-0.182897,101.53984799999999,2015-06-23,66.0,Kuatan Hilir,Kuantan Singingi,Riau
23593,-0.778756,101.801735,2015-06-25,35.0,Kuatan Mudik,Kuantan Singingi,Riau
23594,-0.780483,101.79001600000001,2015-06-25,38.0,Kuatan Mudik,Kuantan Singingi,Riau
23595,-0.781239,101.795753,2015-06-25,14.0,Kuatan Mudik,Kuantan Singingi,Riau
23596,-0.7677510000000001,101.81765,2015-06-25,100.0,Kuatan Mudik,Kuantan Singingi,Riau
23597,-0.769418,101.805862,2015-06-25,100.0,Kuatan Mudik,Kuantan Singingi,Riau
23598,-0.735399,101.753242,2015-06-25,100.0,Kuatan Mudik,Kuantan Singingi,Riau
23670,-0.898446,101.851,2015-06-01,92.0,Kuatan Mudik,Kuantan Singingi,Riau
23671,-0.734143,101.572,2015-06-01,62.0,Kuatan Mudik,Kuantan Singingi,Riau
23678,-0.850258,101.68299999999999,2015-06-02,54.0,Kuatan Mudik,Kuantan Singingi,Riau
23679,-0.851301,101.676,2015-06-02,100.0,Kuatan Mudik,Kuantan Singingi,Riau
23680,-0.8446459999999999,101.675,2015-06-02,92.0,Kuatan Mudik,Kuantan Singingi,Riau
23681,2.0,125.41,2015-06-02,66.0,Kuatan Mudik,Kuantan Singingi,Riau
23699,-0.201097,101.23299999999999,2015-06-18,75.0,Singingi,Kuantan Singingi,Riau
23706,-0.796987,101.823,2015-06-20,51.0,Kuatan Mudik,Kuantan Singingi,Riau
23712,-0.175181,101.531,2015-06-22,48.0,Kuatan Hilir,Kuantan Singingi,Riau
23721,-0.161927,101.53299999999999,2015-06-23,84.0,Kuatan Hilir,Kuantan Singingi,Riau
23757,-0.50149,101.71700000000001,2015-06-24,65.0,Kuatan Hilir,Kuantan Singingi,Riau
23758,-0.04473819999999999,104.588,2015-06-24,100.0,Kuatan Hilir,Kuantan Singingi,Riau
23759,-0.0380855,104.587,2015-06-24,100.0,Kuatan Hilir,Kuantan Singingi,Riau
23767,-0.176701,101.523,2015-06-24,95.0,Kuatan Hilir,Kuantan Singingi,Riau
23768,-0.16059,101.529,2015-06-24,100.0,Kuatan Hilir,Kuantan Singingi,Riau
23789,-0.899859,101.78399999999999,2015-06-25,76.0,Kuatan Mudik,Kuantan Singingi,Riau
23790,-0.77167,101.57799999999999,2015-06-25,89.0,Kuatan Mudik,Kuantan Singingi,Riau
23791,-0.772544,101.572,2015-06-25,81.0,Kuatan Mudik,Kuantan Singingi,Riau
23792,-0.761446,101.57700000000001,2015-06-25,98.0,Kuatan Mudik,Kuantan Singingi,Riau
23793,-0.762351,101.571,2015-06-25,94.0,Kuatan Mudik,Kuantan Singingi,Riau
23802,-0.157074,101.531,2015-06-25,71.0,Kuatan Hilir,Kuantan Singingi,Riau
23834,-0.8439969999999999,101.675,2015-06-28,65.0,Kuatan Mudik,Kuantan Singingi,Riau
23844,-0.93768,101.89299999999999,2015-06-29,63.0,Kuatan Mudik,Kuantan Singingi,Riau
23845,-0.9147799999999999,101.86,2015-06-29,63.0,Kuatan Mudik,Kuantan Singingi,Riau
23851,-0.819657,101.679,2015-06-29,89.0,Kuatan Mudik,Kuantan Singingi,Riau
23852,-0.812769,101.678,2015-06-29,36.0,Kuatan Mudik,Kuantan Singingi,Riau
23853,-0.744544,101.833,2015-06-29,78.0,Kuatan Mudik,Kuantan Singingi,Riau
23876,-0.181876,101.515,2015-06-29,27.0,Kuatan Hilir,Kuantan Singingi,Riau
23881,-0.163454,101.52799999999999,2015-06-29,47.0,Kuatan Hilir,Kuantan Singingi,Riau
23882,-0.20725700000000002,101.196,2015-06-29,97.0,Singingi,Kuantan Singingi,Riau
23967,-0.306131,101.667,2015-06-30,67.0,Kuatan Hilir,Kuantan Singingi,Riau
23973,-0.196251,101.56,2015-06-30,63.0,Kuatan Hilir,Kuantan Singingi,Riau
24049,-0.851067,101.70700000000001,2016-06-06,100.0,Kuatan Mudik,Kuantan Singingi,Riau
24071,-0.800346,101.804825,2016-06-07,30.0,Kuatan Mudik,Kuantan Singingi,Riau
24076,-0.856785,101.706825,2016-06-07,63.0,Kuatan Mudik,Kuantan Singingi,Riau
24201,-0.8754709999999999,101.717804,2016-06-23,72.0,Kuantan Mudik,Kuantan Singingi,Riau
24293,-0.198542,101.196,2017-06-03,72.0,Singingi Hilir,Kuantan Singingi,Riau
26662,-0.608763,101.676559,2014-03-23,62.0,Kuatan Tengah,Kuantan Singingi,Riau
26663,0.7516550000000001,108.932457,2014-03-23,35.0,Kuatan Tengah,Kuantan Singingi,Riau
26936,-0.528595,101.25149499999999,2014-03-25,57.0,Singingi,Kuantan Singingi,Riau
30841,-0.7972520000000001,101.805527,2016-03-09,26.0,Kuatan Mudik,Kuantan Singingi,Riau
30842,-0.8008850000000001,101.78093,2016-03-09,34.0,Kuatan Mudik,Kuantan Singingi,Riau
31118,-0.8281649999999999,101.656242,2016-03-23,69.0,Kuantan Mudik,Kuantan Singingi,Riau
32886,-0.524828,101.73558,2014-05-21,76.0,Kuatan Hilir,Kuantan Singingi,Riau
32887,0.4432140000000001,103.052246,2014-05-21,48.0,Kuatan Hilir,Kuantan Singingi,Riau
32888,0.678553,102.908691,2014-05-21,41.0,Kuatan Hilir,Kuantan Singingi,Riau
32889,-0.524829,101.73558,2014-05-21,76.0,Kuatan Hilir,Kuantan Singingi,Riau
32890,0.4432140000000001,103.052246,2014-05-21,48.0,Kuatan Hilir,Kuantan Singingi,Riau
32891,0.678553,102.908691,2014-05-21,41.0,Kuatan Hilir,Kuantan Singingi,Riau
32892,-9.679041,119.549889,2014-05-22,33.0,Kuatan Hilir,Kuantan Singingi,Riau
32997,-0.913328,101.859818,2015-05-06,61.0,Kuatan Mudik,Kuantan Singingi,Riau
33084,-0.169981,101.554764,2015-05-31,72.0,Kuatan Hilir,Kuantan Singingi,Riau
33199,-0.573068,101.34200000000001,2015-05-06,52.0,Kuatan Mudik,Kuantan Singingi,Riau
33200,-0.368222,101.75200000000001,2015-05-06,82.0,Kuatan Hilir,Kuantan Singingi,Riau
33205,-0.743865,101.54799999999999,2015-05-07,62.0,Kuatan Mudik,Kuantan Singingi,Riau
33206,3.5347800000000005,98.8149,2015-05-07,13.0,Kuatan Mudik,Kuantan Singingi,Riau
33207,3.5335900000000002,98.8073,2015-05-07,42.0,Kuatan Mudik,Kuantan Singingi,Riau
33216,-0.623865,101.82,2015-05-17,35.0,Kuatan Hilir,Kuantan Singingi,Riau
33217,-0.6249060000000001,101.814,2015-05-17,59.0,Kuatan Hilir,Kuantan Singingi,Riau
33459,-0.9329120000000001,101.698715,2016-05-19,59.0,Kuatan Mudik,Kuantan Singingi,Riau
33460,-0.799854,101.799599,2016-05-19,65.0,Kuatan Mudik,Kuantan Singingi,Riau
33798,-0.62588,101.554,2018-05-10,49.0,Gunung Toar,Kuantan Singingi,Riau
34271,-0.789082,101.647369,2014-11-02,61.0,Kuatan Mudik,Kuantan Singingi,Riau
34281,-0.877166,101.71916999999999,2014-11-11,18.0,Kuatan Mudik,Kuantan Singingi,Riau
34285,-0.877166,101.71916999999999,2014-11-11,18.0,Kuatan Mudik,Kuantan Singingi,Riau
34527,-0.177452,101.226318,2014-10-08,86.0,Singingi,Kuantan Singingi,Riau
34528,-0.178783,101.217026,2014-10-08,99.0,Singingi,Kuantan Singingi,Riau
34532,-0.177452,101.226318,2014-10-08,86.0,Singingi,Kuantan Singingi,Riau
34533,-0.178783,101.217026,2014-10-08,99.0,Singingi,Kuantan Singingi,Riau
34534,-8.382079,140.43051100000002,2014-10-09,72.0,Singingi,Kuantan Singingi,Riau
34660,-0.606442,101.71112099999999,2014-10-08,32.0,Kuatan Tengah,Kuantan Singingi,Riau
34661,-0.8949969999999999,101.873863,2014-10-08,82.0,Kuatan Mudik,Kuantan Singingi,Riau
34680,-0.45892,101.383255,2014-10-10,68.0,Singingi,Kuantan Singingi,Riau
34760,-0.752163,101.817139,2015-01-05,96.0,Kuatan Mudik,Kuantan Singingi,Riau
34761,-0.457564,101.623253,2015-01-05,69.0,Kuatan Tengah,Kuantan Singingi,Riau
34762,-0.458838,101.614357,2015-01-05,65.0,Kuatan Tengah,Kuantan Singingi,Riau
34764,-0.194025,101.539955,2015-01-05,35.0,Kuatan Hilir,Kuantan Singingi,Riau
34766,-0.154406,101.561485,2015-01-05,71.0,Kuatan Hilir,Kuantan Singingi,Riau
34768,-0.5199090000000001,101.75643199999999,2015-01-07,55.0,Kuatan Hilir,Kuantan Singingi,Riau
34769,-0.521513,101.7453,2015-01-07,70.0,Kuatan Hilir,Kuantan Singingi,Riau
34771,-0.329831,101.728622,2015-01-07,39.0,Kuatan Hilir,Kuantan Singingi,Riau
34774,-0.5199090000000001,101.75643199999999,2015-01-07,55.0,Kuatan Hilir,Kuantan Singingi,Riau
34775,-0.521513,101.7453,2015-01-07,70.0,Kuatan Hilir,Kuantan Singingi,Riau
34777,-0.329831,101.728622,2015-01-07,39.0,Kuatan Hilir,Kuantan Singingi,Riau
34779,-0.888999,101.718163,2015-01-12,76.0,Kuatan Mudik,Kuantan Singingi,Riau
34781,-0.6381319999999999,101.810501,2015-01-12,67.0,Kuatan Hilir,Kuantan Singingi,Riau
34800,-0.381282,101.390297,2015-01-16,63.0,Singingi,Kuantan Singingi,Riau
34801,-0.38362399999999997,101.385551,2015-01-16,44.0,Singingi,Kuantan Singingi,Riau
35193,-0.608486,101.746696,2015-04-06,33.0,Kuatan Hilir,Kuantan Singingi,Riau
35249,-0.9418569999999999,101.71157099999999,2015-04-18,49.0,Kuatan Mudik,Kuantan Singingi,Riau
35301,-0.913328,101.859818,2015-05-06,61.0,Kuatan Mudik,Kuantan Singingi,Riau
35368,-0.169981,101.554764,2015-05-31,72.0,Kuatan Hilir,Kuantan Singingi,Riau
35384,-0.6554760000000001,101.79274699999999,2015-06-07,82.0,Kuatan Hilir,Kuantan Singingi,Riau
35395,-0.721478,101.526375,2015-06-21,62.0,Kuatan Mudik,Kuantan Singingi,Riau
35400,-0.17581,101.219597,2015-06-21,58.0,Singingi,Kuantan Singingi,Riau
35427,-0.174709,101.521225,2015-06-23,69.0,Kuatan Hilir,Kuantan Singingi,Riau
35432,-0.112595,101.505753,2015-06-23,58.0,Kuatan Hilir,Kuantan Singingi,Riau
35467,-0.777459,101.798241,2015-06-25,67.0,Kuatan Mudik,Kuantan Singingi,Riau
35468,-0.7794989999999999,101.784233,2015-06-25,80.0,Kuatan Mudik,Kuantan Singingi,Riau
35469,-0.749307,101.836899,2015-06-25,68.0,Kuatan Mudik,Kuantan Singingi,Riau
35470,-0.751311,101.822968,2015-06-25,59.0,Kuatan Mudik,Kuantan Singingi,Riau
35471,-0.763523,101.57830799999999,2015-06-25,71.0,Kuatan Mudik,Kuantan Singingi,Riau
35472,-0.7655890000000001,101.563766,2015-06-25,71.0,Kuatan Mudik,Kuantan Singingi,Riau
35478,-0.162966,101.52295699999999,2015-06-25,67.0,Kuatan Hilir,Kuantan Singingi,Riau
35512,-0.200992,101.218407,2015-06-27,59.0,Singingi,Kuantan Singingi,Riau
35517,-0.197243,101.239876,2015-06-27,48.0,Singingi,Kuantan Singingi,Riau
35551,-0.184125,101.57047299999999,2015-06-28,71.0,Kuatan Hilir,Kuantan Singingi,Riau
35557,-0.158855,101.531952,2015-06-28,100.0,Kuatan Hilir,Kuantan Singingi,Riau
35558,-0.160493,101.520668,2015-06-28,87.0,Kuatan Hilir,Kuantan Singingi,Riau
35559,-0.11221700000000001,101.508209,2015-06-28,80.0,Kuatan Hilir,Kuantan Singingi,Riau
35648,-0.948894,101.901512,2015-07-02,71.0,Kuatan Mudik,Kuantan Singingi,Riau
35649,-0.95045,101.890488,2015-07-02,75.0,Kuatan Mudik,Kuantan Singingi,Riau
35652,-0.8372370000000001,101.680412,2015-07-02,64.0,Kuatan Mudik,Kuantan Singingi,Riau
35653,-0.7138869999999999,101.609886,2015-07-02,53.0,Kuatan Mudik,Kuantan Singingi,Riau
35654,-0.715487,101.598564,2015-07-02,61.0,Kuatan Mudik,Kuantan Singingi,Riau
35679,-0.8677870000000001,101.694458,2015-07-02,40.0,Kuatan Mudik,Kuantan Singingi,Riau
35680,-0.403003,101.300392,2015-07-05,60.0,Singingi,Kuantan Singingi,Riau
35736,-0.951089,101.884064,2015-07-09,93.0,Kuatan Mudik,Kuantan Singingi,Riau
35737,-0.9524290000000001,101.874741,2015-07-09,76.0,Kuatan Mudik,Kuantan Singingi,Riau
35749,-0.47591700000000003,101.467148,2015-07-09,48.0,Kuatan Tengah,Kuantan Singingi,Riau
36247,-0.164734,101.53968,2015-06-23,60.0,Kuatan Hilir,Kuantan Singingi,Riau
36248,-0.172434,101.529312,2015-06-23,86.0,Kuatan Hilir,Kuantan Singingi,Riau
36249,-0.173787,101.53840600000001,2015-06-23,43.0,Kuatan Hilir,Kuantan Singingi,Riau
36250,-0.181565,101.53076899999999,2015-06-23,51.0,Kuatan Hilir,Kuantan Singingi,Riau
36251,-0.182897,101.53984799999999,2015-06-23,66.0,Kuatan Hilir,Kuantan Singingi,Riau
36278,-0.778756,101.801735,2015-06-25,35.0,Kuatan Mudik,Kuantan Singingi,Riau
36279,-0.780483,101.79001600000001,2015-06-25,38.0,Kuatan Mudik,Kuantan Singingi,Riau
36280,-0.781239,101.795753,2015-06-25,14.0,Kuatan Mudik,Kuantan Singingi,Riau
36281,-0.7677510000000001,101.81765,2015-06-25,100.0,Kuatan Mudik,Kuantan Singingi,Riau
36282,-0.769418,101.805862,2015-06-25,100.0,Kuatan Mudik,Kuantan Singingi,Riau
36283,-0.735399,101.753242,2015-06-25,100.0,Kuatan Mudik,Kuantan Singingi,Riau
36344,-0.463521,101.347946,2015-07-01,83.0,Singingi,Kuantan Singingi,Riau
36350,-0.868977,101.69532,2015-07-02,36.0,Kuatan Mudik,Kuantan Singingi,Riau
36433,-0.19581300000000001,101.22306800000001,2015-07-09,54.0,Singingi,Kuantan Singingi,Riau
36434,-0.197141,101.232063,2015-07-09,59.0,Singingi,Kuantan Singingi,Riau
36438,-0.4805680000000001,101.468338,2015-07-09,51.0,Kuatan Tengah,Kuantan Singingi,Riau
36441,-0.928055,101.880714,2015-07-09,68.0,Kuatan Mudik,Kuantan Singingi,Riau
36442,-0.946462,101.878105,2015-07-09,67.0,Kuatan Mudik,Kuantan Singingi,Riau
36443,-0.9478540000000001,101.88755,2015-07-09,90.0,Kuatan Mudik,Kuantan Singingi,Riau
36498,-0.238798,101.6297,2015-07-16,87.0,Kuatan Hilir,Kuantan Singingi,Riau
36501,-0.21239,101.238602,2015-07-16,64.0,Singingi,Kuantan Singingi,Riau
36502,-0.213664,101.229675,2015-07-16,100.0,Singingi,Kuantan Singingi,Riau
36503,-0.162736,101.52239200000001,2015-07-16,83.0,Kuatan Hilir,Kuantan Singingi,Riau
36504,-0.20469600000000002,101.228394,2015-07-16,77.0,Singingi,Kuantan Singingi,Riau
36523,-0.238798,101.6297,2015-07-16,87.0,Kuatan Hilir,Kuantan Singingi,Riau
36526,-0.21239,101.238602,2015-07-16,64.0,Singingi,Kuantan Singingi,Riau
36527,-0.213664,101.229675,2015-07-16,100.0,Singingi,Kuantan Singingi,Riau
36528,-0.162736,101.52239200000001,2015-07-16,83.0,Kuatan Hilir,Kuantan Singingi,Riau
36529,-0.20469600000000002,101.228394,2015-07-16,77.0,Singingi,Kuantan Singingi,Riau
36557,-0.23800700000000002,101.24249300000001,2015-07-18,61.0,Singingi,Kuantan Singingi,Riau
36558,-0.22777399999999998,101.24101999999999,2015-07-18,100.0,Singingi,Kuantan Singingi,Riau
36559,-0.229448,101.229279,2015-07-18,80.0,Singingi,Kuantan Singingi,Riau
36579,-0.832145,101.598114,2015-07-22,19.0,Kuatan Mudik,Kuantan Singingi,Riau
36598,-0.832145,101.598106,2015-07-22,19.0,Kuatan Mudik,Kuantan Singingi,Riau
36621,-0.645523,101.81591,2015-07-23,51.0,Kuatan Hilir,Kuantan Singingi,Riau
36824,-0.27087100000000003,101.625328,2014-02-03,40.0,Kuatan Hilir,Kuantan Singingi,Riau
36896,-0.8966059999999999,101.723114,2014-02-12,49.0,Kuatan Mudik,Kuantan Singingi,Riau
38839,-0.608763,101.676559,2014-03-23,62.0,Kuatan Tengah,Kuantan Singingi,Riau
39047,-0.528595,101.25149499999999,2014-03-25,57.0,Singingi,Kuantan Singingi,Riau
39727,-0.49965,101.86808,2014-04-12,49.0,Cerenti,Kuantan Singingi,Riau
39731,-0.721562,101.748726,2014-04-15,58.0,Kuatan Mudik,Kuantan Singingi,Riau
39748,-0.59295,101.47374,2014-04-22,64.0,Kuatan Mudik,Kuantan Singingi,Riau
39782,-0.524828,101.73558,2014-05-21,76.0,Kuatan Hilir,Kuantan Singingi,Riau
39783,-0.524829,101.73558,2014-05-21,76.0,Kuatan Hilir,Kuantan Singingi,Riau
39796,-0.825039,101.670456,2014-06-08,60.0,Kuatan Mudik,Kuantan Singingi,Riau
39797,-0.82311,101.665192,2014-06-08,56.0,Kuatan Mudik,Kuantan Singingi,Riau
39798,-0.609995,101.673721,2014-06-08,53.0,Kuatan Tengah,Kuantan Singingi,Riau
39810,-0.924607,101.884445,2014-06-09,93.0,Kuatan Mudik,Kuantan Singingi,Riau
39830,-0.194933,101.200165,2014-06-11,81.0,Singingi,Kuantan Singingi,Riau
39831,-0.18597,101.198875,2014-06-11,95.0,Singingi,Kuantan Singingi,Riau
39851,-0.8094600000000001,101.669815,2014-06-13,44.0,Kuatan Mudik,Kuantan Singingi,Riau
39852,-0.299989,101.37335999999999,2014-06-13,60.0,Singingi,Kuantan Singingi,Riau
39853,-0.302537,101.368088,2014-06-13,66.0,Singingi,Kuantan Singingi,Riau
39881,-0.200246,101.209694,2014-06-16,82.0,Singingi,Kuantan Singingi,Riau
39905,-0.810319,101.606285,2014-06-17,45.0,Kuatan Mudik,Kuantan Singingi,Riau
39906,-0.8201959999999999,101.602783,2014-06-17,45.0,Kuatan Mudik,Kuantan Singingi,Riau
39996,-0.312737,101.21199,2014-06-20,99.0,Singingi,Kuantan Singingi,Riau
39997,-0.31416,101.202164,2014-06-20,76.0,Singingi,Kuantan Singingi,Riau
40001,-0.172488,101.549454,2014-06-20,43.0,Kuatan Hilir,Kuantan Singingi,Riau
40131,-0.4353260000000001,101.385124,2014-06-22,43.0,Singingi,Kuantan Singingi,Riau
40201,-0.4353260000000001,101.385124,2014-06-22,43.0,Singingi,Kuantan Singingi,Riau
40447,-0.6130369999999999,101.67819200000001,2014-07-01,59.0,Kuatan Tengah,Kuantan Singingi,Riau
40467,-0.175946,101.54744699999999,2014-07-06,70.0,Kuatan Hilir,Kuantan Singingi,Riau
40530,-0.159598,101.56028,2014-07-15,53.0,Kuatan Hilir,Kuantan Singingi,Riau
40683,-0.8874780000000001,101.716858,2014-07-20,73.0,Kuatan Mudik,Kuantan Singingi,Riau
40692,-0.151903,101.52621500000001,2014-07-20,77.0,Kuatan Hilir,Kuantan Singingi,Riau
40910,-0.84388,101.683098,2014-07-22,84.0,Kuatan Mudik,Kuantan Singingi,Riau
40911,-0.8119810000000001,101.84225500000001,2014-07-22,79.0,Kuatan Mudik,Kuantan Singingi,Riau
40912,-0.813311,101.83284,2014-07-22,100.0,Kuatan Mudik,Kuantan Singingi,Riau
40914,-0.642543,101.805748,2014-07-22,33.0,Kuatan Hilir,Kuantan Singingi,Riau
40953,-0.820363,101.656357,2014-07-24,87.0,Kuatan Mudik,Kuantan Singingi,Riau
40954,-0.822456,101.64190699999999,2014-07-24,67.0,Kuatan Mudik,Kuantan Singingi,Riau
40955,-0.738136,101.833519,2014-07-24,74.0,Kuatan Mudik,Kuantan Singingi,Riau
40956,-0.738216,101.828117,2014-07-24,61.0,Kuatan Mudik,Kuantan Singingi,Riau
41010,-0.837241,101.855522,2014-07-26,23.0,Kuatan Mudik,Kuantan Singingi,Riau
41190,-0.570337,101.42214200000001,2014-08-12,87.0,Kuatan Mudik,Kuantan Singingi,Riau
41245,-0.78556,101.556648,2014-09-01,60.0,Kuatan Mudik,Kuantan Singingi,Riau
41262,-0.9013450000000001,101.896828,2014-09-04,39.0,Kuatan Mudik,Kuantan Singingi,Riau
41264,-0.841342,101.734383,2014-09-08,68.0,Kuatan Mudik,Kuantan Singingi,Riau
41275,-0.8413430000000001,101.734375,2014-09-08,68.0,Kuatan Mudik,Kuantan Singingi,Riau
41300,-0.915007,101.885345,2014-09-14,60.0,Kuatan Mudik,Kuantan Singingi,Riau
41301,-0.861461,101.877434,2014-09-14,46.0,Kuatan Mudik,Kuantan Singingi,Riau
41307,-0.913258,101.888817,2014-09-14,44.0,Kuatan Mudik,Kuantan Singingi,Riau
41310,-0.915011,101.885338,2014-09-14,42.0,Kuatan Mudik,Kuantan Singingi,Riau
41311,-0.8614649999999999,101.877426,2014-09-14,46.0,Kuatan Mudik,Kuantan Singingi,Riau
41325,-0.8886069999999999,101.875908,2014-09-15,36.0,Kuatan Mudik,Kuantan Singingi,Riau
41332,-0.861733,101.872055,2014-09-15,91.0,Kuatan Mudik,Kuantan Singingi,Riau
41335,-0.852775,101.870766,2014-09-15,92.0,Kuatan Mudik,Kuantan Singingi,Riau
41336,-0.854049,101.861862,2014-09-15,98.0,Kuatan Mudik,Kuantan Singingi,Riau
41337,-0.843816,101.869484,2014-09-15,62.0,Kuatan Mudik,Kuantan Singingi,Riau
41338,-0.8680180000000001,101.700317,2014-09-15,62.0,Kuatan Mudik,Kuantan Singingi,Riau
41339,-0.869291,101.691422,2014-09-15,78.0,Kuatan Mudik,Kuantan Singingi,Riau
41341,-0.857792,101.707932,2014-09-15,100.0,Kuatan Mudik,Kuantan Singingi,Riau
41342,-0.859065,101.69903599999999,2014-09-15,100.0,Kuatan Mudik,Kuantan Singingi,Riau
41343,-0.8603379999999999,101.69013199999999,2014-09-15,98.0,Kuatan Mudik,Kuantan Singingi,Riau
41345,-0.802531,101.82976500000001,2014-09-15,51.0,Kuatan Mudik,Kuantan Singingi,Riau
41396,-0.856239,101.69593,2014-09-17,37.0,Kuatan Mudik,Kuantan Singingi,Riau
41407,-0.856239,101.69593,2014-09-17,37.0,Kuatan Mudik,Kuantan Singingi,Riau
41435,-0.177452,101.226318,2014-10-08,86.0,Singingi,Kuantan Singingi,Riau
41436,-0.178783,101.217026,2014-10-08,99.0,Singingi,Kuantan Singingi,Riau
41440,-0.177452,101.226318,2014-10-08,86.0,Singingi,Kuantan Singingi,Riau
41441,-0.178783,101.217026,2014-10-08,99.0,Singingi,Kuantan Singingi,Riau
41538,-0.789082,101.647369,2014-11-02,61.0,Kuatan Mudik,Kuantan Singingi,Riau
41548,-0.877166,101.71916999999999,2014-11-11,18.0,Kuatan Mudik,Kuantan Singingi,Riau
41552,-0.877166,101.71916999999999,2014-11-11,18.0,Kuatan Mudik,Kuantan Singingi,Riau
41569,-0.666999,101.790756,2014-12-06,75.0,Kuatan Hilir,Kuantan Singingi,Riau
41573,-0.15926700000000002,101.555511,2014-12-06,81.0,Kuatan Hilir,Kuantan Singingi,Riau
41579,-0.80382,101.587227,2014-12-08,65.0,Kuatan Mudik,Kuantan Singingi,Riau
43523,-0.7276560000000001,101.751999,2014-04-15,57.0,Kuatan Mudik,Kuantan Singingi,Riau
43531,-0.212369,101.264679,2014-04-17,40.0,Singingi,Kuantan Singingi,Riau
43560,-0.138744,101.204338,2014-04-26,58.0,Singingi,Kuantan Singingi,Riau
43636,-0.799127,101.834114,2014-06-11,31.0,Kuatan Mudik,Kuantan Singingi,Riau
43650,-0.799128,101.834122,2014-06-11,31.0,Kuatan Mudik,Kuantan Singingi,Riau
43662,-0.608326,101.671913,2014-06-17,41.0,Kuatan Tengah,Kuantan Singingi,Riau
43663,-0.6081989999999999,101.68695100000001,2014-06-17,59.0,Kuatan Tengah,Kuantan Singingi,Riau
43711,-0.485446,101.284279,2014-06-18,70.0,Singingi,Kuantan Singingi,Riau
43802,-0.8338399999999999,101.671631,2014-06-21,84.0,Kuatan Mudik,Kuantan Singingi,Riau
43803,-0.8315620000000001,101.664902,2014-06-21,74.0,Kuatan Mudik,Kuantan Singingi,Riau
43888,-0.185635,101.216385,2014-06-22,88.0,Singingi,Kuantan Singingi,Riau
44057,-0.643023,101.809647,2014-07-17,28.0,Kuatan Hilir,Kuantan Singingi,Riau
44064,-0.15295999999999998,101.52179,2014-07-19,57.0,Kuatan Hilir,Kuantan Singingi,Riau
44295,-0.606805,101.690407,2014-07-20,41.0,Kuatan Tengah,Kuantan Singingi,Riau
44296,-0.6087600000000001,101.703552,2014-07-20,48.0,Kuatan Tengah,Kuantan Singingi,Riau
44300,-0.848941,101.681389,2014-07-21,71.0,Kuatan Mudik,Kuantan Singingi,Riau
44301,-0.739698,101.807121,2014-07-21,75.0,Kuatan Mudik,Kuantan Singingi,Riau
44302,-0.740272,101.801666,2014-07-21,34.0,Kuatan Mudik,Kuantan Singingi,Riau
44303,-0.247117,101.641762,2014-07-21,38.0,Kuatan Hilir,Kuantan Singingi,Riau
44405,-0.143761,101.539948,2014-07-22,25.0,Kuatan Hilir,Kuantan Singingi,Riau
44409,-0.15144200000000002,101.529663,2014-07-22,67.0,Kuatan Hilir,Kuantan Singingi,Riau
44410,-0.15276900000000002,101.538658,2014-07-22,43.0,Kuatan Hilir,Kuantan Singingi,Riau
44472,-0.283461,101.68807199999999,2014-07-24,76.0,Kuatan Hilir,Kuantan Singingi,Riau
44473,-0.285054,101.676781,2014-07-24,51.0,Kuatan Hilir,Kuantan Singingi,Riau
44564,-0.8528709999999999,101.704842,2014-07-26,100.0,Kuatan Mudik,Kuantan Singingi,Riau
44565,-0.7749550000000001,101.802635,2014-07-26,100.0,Kuatan Mudik,Kuantan Singingi,Riau
44568,-0.302881,101.625473,2014-07-26,100.0,Kuatan Hilir,Kuantan Singingi,Riau
44569,-0.30415,101.616577,2014-07-26,70.0,Kuatan Hilir,Kuantan Singingi,Riau
44752,-0.856719,101.871948,2014-09-15,79.0,Kuatan Mudik,Kuantan Singingi,Riau
44756,-0.860592,101.69502299999999,2014-09-15,74.0,Kuatan Mudik,Kuantan Singingi,Riau
44757,-0.862191,101.70575699999999,2014-09-15,87.0,Kuatan Mudik,Kuantan Singingi,Riau
44758,-0.894534,101.855385,2014-09-15,31.0,Kuatan Mudik,Kuantan Singingi,Riau
44761,-0.8951690000000001,101.849533,2014-09-15,30.0,Kuatan Mudik,Kuantan Singingi,Riau
44762,-0.901452,101.893272,2014-09-15,57.0,Kuatan Mudik,Kuantan Singingi,Riau
44817,-0.606442,101.71112099999999,2014-10-08,32.0,Kuatan Tengah,Kuantan Singingi,Riau
44818,-0.8949969999999999,101.873863,2014-10-08,82.0,Kuatan Mudik,Kuantan Singingi,Riau
44835,-0.45892,101.383255,2014-10-10,68.0,Singingi,Kuantan Singingi,Riau
44906,-0.810385,101.85539200000001,2015-07-25,62.0,Kuatan Mudik,Kuantan Singingi,Riau
44921,-0.272134,101.62623599999999,2015-07-25,72.0,Kuatan Hilir,Kuantan Singingi,Riau
44937,-0.129261,101.535439,2015-07-25,78.0,Kuatan Hilir,Kuantan Singingi,Riau
45034,-0.7256640000000001,101.511841,2015-07-25,61.0,Kuatan Mudik,Kuantan Singingi,Riau
45037,-0.740345,101.82940699999999,2015-07-27,42.0,Kuatan Mudik,Kuantan Singingi,Riau
45047,-0.291988,101.348015,2015-07-27,75.0,Singingi,Kuantan Singingi,Riau
45048,-0.294123,101.332741,2015-07-27,69.0,Singingi,Kuantan Singingi,Riau
45049,-0.29490700000000003,101.343102,2015-07-27,80.0,Singingi,Kuantan Singingi,Riau
45092,-0.73297,101.74,2015-01-05,88.0,Kuatan Mudik,Kuantan Singingi,Riau
45449,-0.573068,101.34200000000001,2015-05-06,52.0,Kuatan Mudik,Kuantan Singingi,Riau
45450,-0.368222,101.75200000000001,2015-05-06,82.0,Kuatan Hilir,Kuantan Singingi,Riau
45453,-0.743865,101.54799999999999,2015-05-07,62.0,Kuatan Mudik,Kuantan Singingi,Riau
45457,-0.623865,101.82,2015-05-17,35.0,Kuatan Hilir,Kuantan Singingi,Riau
45458,-0.6249060000000001,101.814,2015-05-17,59.0,Kuatan Hilir,Kuantan Singingi,Riau
45488,-0.898446,101.851,2015-06-01,92.0,Kuatan Mudik,Kuantan Singingi,Riau
45489,-0.734143,101.572,2015-06-01,62.0,Kuatan Mudik,Kuantan Singingi,Riau
45496,-0.850258,101.68299999999999,2015-06-02,54.0,Kuatan Mudik,Kuantan Singingi,Riau
45497,-0.8446459999999999,101.675,2015-06-02,92.0,Kuatan Mudik,Kuantan Singingi,Riau
45507,-0.201097,101.23299999999999,2015-06-18,75.0,Singingi,Kuantan Singingi,Riau
45514,-0.796987,101.823,2015-06-20,51.0,Kuatan Mudik,Kuantan Singingi,Riau
45518,-0.175181,101.531,2015-06-22,48.0,Kuatan Hilir,Kuantan Singingi,Riau
45527,-0.161927,101.53299999999999,2015-06-23,84.0,Kuatan Hilir,Kuantan Singingi,Riau
45560,-0.50149,101.71700000000001,2015-06-24,65.0,Kuatan Hilir,Kuantan Singingi,Riau
45568,-0.176701,101.523,2015-06-24,95.0,Kuatan Hilir,Kuantan Singingi,Riau
45569,-0.16059,101.529,2015-06-24,100.0,Kuatan Hilir,Kuantan Singingi,Riau
45585,-0.899859,101.78399999999999,2015-06-25,76.0,Kuatan Mudik,Kuantan Singingi,Riau
45586,-0.77167,101.57799999999999,2015-06-25,89.0,Kuatan Mudik,Kuantan Singingi,Riau
45587,-0.772544,101.572,2015-06-25,81.0,Kuatan Mudik,Kuantan Singingi,Riau
45588,-0.761446,101.57700000000001,2015-06-25,98.0,Kuatan Mudik,Kuantan Singingi,Riau
45589,-0.762351,101.571,2015-06-25,94.0,Kuatan Mudik,Kuantan Singingi,Riau
45598,-0.157074,101.531,2015-06-25,71.0,Kuatan Hilir,Kuantan Singingi,Riau
45626,-0.8439969999999999,101.675,2015-06-28,65.0,Kuatan Mudik,Kuantan Singingi,Riau
45634,-0.93768,101.89299999999999,2015-06-29,63.0,Kuatan Mudik,Kuantan Singingi,Riau
45635,-0.9147799999999999,101.86,2015-06-29,63.0,Kuatan Mudik,Kuantan Singingi,Riau
45641,-0.819657,101.679,2015-06-29,89.0,Kuatan Mudik,Kuantan Singingi,Riau
45642,-0.812769,101.678,2015-06-29,36.0,Kuatan Mudik,Kuantan Singingi,Riau
45643,-0.744544,101.833,2015-06-29,78.0,Kuatan Mudik,Kuantan Singingi,Riau
45664,-0.181876,101.515,2015-06-29,27.0,Kuatan Hilir,Kuantan Singingi,Riau
45669,-0.163454,101.52799999999999,2015-06-29,47.0,Kuatan Hilir,Kuantan Singingi,Riau
45670,-0.20725700000000002,101.196,2015-06-29,97.0,Singingi,Kuantan Singingi,Riau
45746,-0.306131,101.667,2015-06-30,67.0,Kuatan Hilir,Kuantan Singingi,Riau
45751,-0.196251,101.56,2015-06-30,63.0,Kuatan Hilir,Kuantan Singingi,Riau
45780,-0.876958,101.713,2015-07-01,80.0,Kuatan Mudik,Kuantan Singingi,Riau
45782,-0.870495,101.698,2015-07-02,53.0,Kuatan Mudik,Kuantan Singingi,Riau
45783,-0.865721,101.69200000000001,2015-07-02,42.0,Kuatan Mudik,Kuantan Singingi,Riau
45800,-0.20866300000000002,101.193,2015-07-04,64.0,Singingi,Kuantan Singingi,Riau
45804,-0.9311010000000001,101.699,2015-07-05,46.0,Kuatan Mudik,Kuantan Singingi,Riau
45809,-0.824765,101.631,2015-07-05,100.0,Kuatan Mudik,Kuantan Singingi,Riau
45810,-0.8258270000000001,101.624,2015-07-05,66.0,Kuatan Mudik,Kuantan Singingi,Riau
45811,-0.801369,101.62799999999999,2015-07-05,59.0,Kuatan Mudik,Kuantan Singingi,Riau
45812,-0.793153,101.62700000000001,2015-07-05,57.0,Kuatan Mudik,Kuantan Singingi,Riau
45892,-0.948256,101.896,2015-07-09,100.0,Kuatan Mudik,Kuantan Singingi,Riau
45932,-0.183668,101.234,2015-07-09,82.0,Singingi,Kuantan Singingi,Riau
45984,-0.9588200000000001,101.889,2015-07-09,40.0,Kuatan Mudik,Kuantan Singingi,Riau
46199,-0.11498299999999999,101.5,2015-07-11,79.0,Kuatan Hilir,Kuantan Singingi,Riau
46257,-0.208382,101.235,2015-07-16,100.0,Singingi,Kuantan Singingi,Riau
46258,-0.209814,101.226,2015-07-16,86.0,Singingi,Kuantan Singingi,Riau
46259,-0.205262,101.236,2015-07-16,100.0,Singingi,Kuantan Singingi,Riau
46260,-0.206763,101.227,2015-07-16,100.0,Singingi,Kuantan Singingi,Riau
46328,-0.674927,101.5,2015-07-21,100.0,Kuatan Mudik,Kuantan Singingi,Riau
46334,-0.164616,101.527,2015-07-21,81.0,Kuatan Hilir,Kuantan Singingi,Riau
46335,-0.207488,101.242,2015-07-21,55.0,Singingi,Kuantan Singingi,Riau
46364,-0.109052,101.509,2015-07-21,84.0,Kuatan Hilir,Kuantan Singingi,Riau
46366,-0.566901,101.41,2015-07-21,46.0,Kuatan Mudik,Kuantan Singingi,Riau
46367,-0.7675810000000001,101.788,2015-07-21,65.0,Kuatan Mudik,Kuantan Singingi,Riau
46368,-0.768799,101.796,2015-07-21,46.0,Kuatan Mudik,Kuantan Singingi,Riau
46408,-0.7918430000000001,101.781,2015-07-25,100.0,Kuatan Mudik,Kuantan Singingi,Riau
46435,-0.172692,101.54,2015-07-25,76.0,Kuatan Hilir,Kuantan Singingi,Riau
46438,-0.15923800000000002,101.538,2015-07-25,82.0,Kuatan Hilir,Kuantan Singingi,Riau
46446,-0.11099300000000001,101.508,2015-07-25,64.0,Kuatan Hilir,Kuantan Singingi,Riau
46485,-0.787968,101.785,2015-07-26,100.0,Kuatan Mudik,Kuantan Singingi,Riau
46486,-0.789272,101.77600000000001,2015-07-26,100.0,Kuatan Mudik,Kuantan Singingi,Riau
46493,-0.592143,101.40100000000001,2015-07-26,91.0,Kuatan Mudik,Kuantan Singingi,Riau
46494,-0.44191199999999997,101.271,2015-07-26,96.0,Singingi,Kuantan Singingi,Riau
46495,-0.44328999999999996,101.262,2015-07-26,76.0,Singingi,Kuantan Singingi,Riau
46507,-0.15471600000000002,101.539,2015-07-26,44.0,Kuatan Hilir,Kuantan Singingi,Riau
46835,-0.937385,101.877205,2015-07-29,73.0,Kuatan Mudik,Kuantan Singingi,Riau
46859,-0.701075,101.533684,2015-07-29,32.0,Kuatan Mudik,Kuantan Singingi,Riau
46893,-0.303026,101.615509,2015-07-29,80.0,Kuatan Hilir,Kuantan Singingi,Riau
46961,-0.923415,101.900963,2015-07-30,95.0,Kuatan Mudik,Kuantan Singingi,Riau
46962,-0.925113,101.889381,2015-07-30,58.0,Kuatan Mudik,Kuantan Singingi,Riau
46965,-0.826789,101.856667,2015-07-30,72.0,Kuatan Mudik,Kuantan Singingi,Riau
47039,-0.7690520000000001,101.793785,2015-07-30,39.0,Kuatan Mudik,Kuantan Singingi,Riau
47041,-0.7815770000000001,101.792244,2015-07-30,71.0,Kuatan Mudik,Kuantan Singingi,Riau
47083,-0.95021,101.723,2015-08-11,73.0,Kuatan Mudik,Kuantan Singingi,Riau
47086,-0.927141,101.905518,2015-08-15,55.0,Kuatan Mudik,Kuantan Singingi,Riau
47107,-0.931909,101.901436,2015-08-17,66.0,Kuatan Mudik,Kuantan Singingi,Riau
47110,-0.881618,101.86032900000001,2015-08-17,81.0,Kuatan Mudik,Kuantan Singingi,Riau
47135,-0.28980900000000004,101.691048,2015-08-17,72.0,Kuatan Hilir,Kuantan Singingi,Riau
47191,-0.824355,101.862892,2015-08-19,81.0,Kuatan Mudik,Kuantan Singingi,Riau
47194,-0.788929,101.817413,2015-08-19,70.0,Kuatan Mudik,Kuantan Singingi,Riau
47198,-0.747653,101.822762,2015-08-19,75.0,Kuatan Mudik,Kuantan Singingi,Riau
47199,-0.738097,101.747498,2015-08-19,57.0,Kuatan Mudik,Kuantan Singingi,Riau
47205,-0.569226,101.432022,2015-08-19,67.0,Kuatan Mudik,Kuantan Singingi,Riau
47244,-0.568551,101.435921,2015-08-19,58.0,Kuatan Mudik,Kuantan Singingi,Riau
47245,-0.7836529999999999,101.83094,2015-08-19,68.0,Kuatan Mudik,Kuantan Singingi,Riau
47247,-0.815788,101.862701,2015-08-19,45.0,Kuatan Mudik,Kuantan Singingi,Riau
47249,-0.84565,101.68869000000001,2015-08-19,60.0,Kuatan Mudik,Kuantan Singingi,Riau
47262,-0.7244470000000001,101.81700000000001,2015-08-20,78.0,Kuatan Mudik,Kuantan Singingi,Riau
47293,-0.8349850000000001,101.669037,2015-08-26,97.0,Kuatan Mudik,Kuantan Singingi,Riau
47303,-0.8335450000000001,101.677,2015-08-26,44.0,Kuatan Mudik,Kuantan Singingi,Riau
47465,-0.777706,101.800217,2015-08-31,71.0,Kuatan Mudik,Kuantan Singingi,Riau
47467,-0.742488,101.830322,2015-08-31,56.0,Kuatan Mudik,Kuantan Singingi,Riau
47489,-0.14871900000000002,101.54950699999999,2015-08-31,88.0,Kuatan Hilir,Kuantan Singingi,Riau
47494,-0.113621,101.510094,2015-08-31,84.0,Kuatan Hilir,Kuantan Singingi,Riau
47590,-0.9654520000000001,101.867355,2015-08-31,39.0,Kuatan Mudik,Kuantan Singingi,Riau
47605,-0.9656950000000001,101.859543,2015-09-01,42.0,Kuatan Mudik,Kuantan Singingi,Riau
47613,-0.9560379999999999,101.87100000000001,2015-09-01,100.0,Kuatan Mudik,Kuantan Singingi,Riau
47614,-0.957151,101.863,2015-09-01,100.0,Kuatan Mudik,Kuantan Singingi,Riau
47615,-0.950297,101.86200000000001,2015-09-01,100.0,Kuatan Mudik,Kuantan Singingi,Riau
47616,-0.9514020000000001,101.855,2015-09-01,100.0,Kuatan Mudik,Kuantan Singingi,Riau
47673,-0.578555,101.291374,2015-09-01,56.0,Kuatan Mudik,Kuantan Singingi,Riau
47677,-0.755378,101.54435,2015-09-01,100.0,Kuatan Mudik,Kuantan Singingi,Riau
47680,-0.762775,101.537796,2015-09-01,100.0,Kuatan Mudik,Kuantan Singingi,Riau
47681,-0.765235,101.553894,2015-09-01,51.0,Kuatan Mudik,Kuantan Singingi,Riau
47690,-0.955824,101.864891,2015-09-01,32.0,Kuatan Mudik,Kuantan Singingi,Riau
47691,-0.947465,101.852455,2015-09-01,81.0,Kuatan Mudik,Kuantan Singingi,Riau
47700,-0.785696,101.83966099999999,2015-09-01,72.0,Kuatan Mudik,Kuantan Singingi,Riau
47701,-0.790404,101.806374,2015-09-01,83.0,Kuatan Mudik,Kuantan Singingi,Riau
47702,-0.7919689999999999,101.795311,2015-09-01,49.0,Kuatan Mudik,Kuantan Singingi,Riau
47706,-0.7663989999999999,101.54450200000001,2015-09-01,83.0,Kuatan Mudik,Kuantan Singingi,Riau
47707,-0.768051,101.533005,2015-09-01,100.0,Kuatan Mudik,Kuantan Singingi,Riau
47708,-0.7563479999999999,101.54287,2015-09-01,71.0,Kuatan Mudik,Kuantan Singingi,Riau
47709,-0.757963,101.53155500000001,2015-09-01,100.0,Kuatan Mudik,Kuantan Singingi,Riau
47729,-0.588969,101.28183,2015-09-01,73.0,Kuatan Mudik,Kuantan Singingi,Riau
47730,-0.578742,101.280312,2015-09-01,61.0,Kuatan Mudik,Kuantan Singingi,Riau
47738,-0.378287,101.251488,2015-09-01,27.0,Singingi,Kuantan Singingi,Riau
47740,-0.274879,101.696175,2015-09-01,67.0,Kuatan Hilir,Kuantan Singingi,Riau
47765,-0.142376,101.551399,2015-09-01,24.0,Kuatan Hilir,Kuantan Singingi,Riau
47768,-0.115647,101.524582,2015-09-01,78.0,Kuatan Hilir,Kuantan Singingi,Riau
47858,-0.955096,101.86216,2015-09-02,91.0,Kuatan Mudik,Kuantan Singingi,Riau
47859,-0.9563659999999999,101.85327099999999,2015-09-02,74.0,Kuatan Mudik,Kuantan Singingi,Riau
47860,-0.946152,101.860878,2015-09-02,94.0,Kuatan Mudik,Kuantan Singingi,Riau
47861,-0.947422,101.85198199999999,2015-09-02,96.0,Kuatan Mudik,Kuantan Singingi,Riau
47864,-0.923177,101.893883,2015-09-02,90.0,Kuatan Mudik,Kuantan Singingi,Riau
47875,-0.881793,101.854256,2015-09-02,86.0,Kuatan Mudik,Kuantan Singingi,Riau
47876,-0.8830629999999999,101.84536,2015-09-02,87.0,Kuatan Mudik,Kuantan Singingi,Riau
47900,-0.800689,101.845848,2015-09-02,57.0,Kuatan Mudik,Kuantan Singingi,Riau
47901,-0.8032279999999999,101.828064,2015-09-02,48.0,Kuatan Mudik,Kuantan Singingi,Riau
47903,-0.794284,101.826782,2015-09-02,41.0,Kuatan Mudik,Kuantan Singingi,Riau
47904,-0.796824,101.808998,2015-09-02,92.0,Kuatan Mudik,Kuantan Singingi,Riau
47905,-0.798093,101.80011,2015-09-02,63.0,Kuatan Mudik,Kuantan Singingi,Riau
47913,-0.7903640000000001,101.726425,2015-09-02,56.0,Kuatan Mudik,Kuantan Singingi,Riau
47914,-0.791633,101.717537,2015-09-02,44.0,Kuatan Mudik,Kuantan Singingi,Riau
47915,-0.779974,101.543495,2015-09-02,65.0,Kuatan Mudik,Kuantan Singingi,Riau
47916,-0.761616,101.534439,2015-09-02,79.0,Kuatan Mudik,Kuantan Singingi,Riau
47938,-0.586609,101.279099,2015-09-02,90.0,Kuatan Mudik,Kuantan Singingi,Riau
47991,-0.15154600000000001,101.555222,2015-09-02,86.0,Kuatan Hilir,Kuantan Singingi,Riau
47992,-0.152815,101.546341,2015-09-02,59.0,Kuatan Hilir,Kuantan Singingi,Riau
48001,-0.11256400000000001,101.507767,2015-09-02,41.0,Kuatan Hilir,Kuantan Singingi,Riau
48060,-0.11127100000000001,101.514084,2015-09-02,66.0,Kuatan Hilir,Kuantan Singingi,Riau
48095,-0.585536,101.27916,2015-09-02,72.0,Kuatan Mudik,Kuantan Singingi,Riau
48096,-0.5906239999999999,101.282761,2015-09-02,52.0,Kuatan Mudik,Kuantan Singingi,Riau
48109,-0.75889,101.53739200000001,2015-09-02,93.0,Kuatan Mudik,Kuantan Singingi,Riau
48110,-0.798059,101.804794,2015-09-02,70.0,Kuatan Mudik,Kuantan Singingi,Riau
48111,-0.76857,101.535995,2015-09-02,33.0,Kuatan Mudik,Kuantan Singingi,Riau
48116,-0.807829,101.513077,2015-09-02,46.0,Kuatan Mudik,Kuantan Singingi,Riau
48119,-0.947933,101.855469,2015-09-02,87.0,Kuatan Mudik,Kuantan Singingi,Riau
48120,-0.949578,101.86646999999999,2015-09-02,66.0,Kuatan Mudik,Kuantan Singingi,Riau
48121,-0.949681,101.859909,2015-09-02,84.0,Kuatan Mudik,Kuantan Singingi,Riau
48134,-0.9640790000000001,101.88600000000001,2015-09-02,80.0,Kuatan Mudik,Kuantan Singingi,Riau
48135,-0.965433,101.87700000000001,2015-09-02,80.0,Kuatan Mudik,Kuantan Singingi,Riau
48136,-0.9488030000000001,101.866,2015-09-02,100.0,Kuatan Mudik,Kuantan Singingi,Riau
48137,-0.9501719999999999,101.85700000000001,2015-09-02,90.0,Kuatan Mudik,Kuantan Singingi,Riau
48138,-0.9411510000000001,101.85600000000001,2015-09-02,100.0,Kuatan Mudik,Kuantan Singingi,Riau
48141,-0.916428,101.897,2015-09-02,74.0,Kuatan Mudik,Kuantan Singingi,Riau
48155,-0.795301,101.807,2015-09-02,92.0,Kuatan Mudik,Kuantan Singingi,Riau
48212,-0.770796,101.818062,2015-09-04,45.0,Kuatan Mudik,Kuantan Singingi,Riau
48223,-0.8388620000000001,101.735901,2015-09-04,61.0,Kuatan Mudik,Kuantan Singingi,Riau
48332,-0.839341,101.672218,2015-09-08,69.0,Kuatan Mudik,Kuantan Singingi,Riau
48333,-0.830117,101.670837,2015-09-08,34.0,Kuatan Mudik,Kuantan Singingi,Riau
48426,-0.9527709999999999,101.897141,2015-09-11,80.0,Kuatan Mudik,Kuantan Singingi,Riau
48431,-0.166713,101.201424,2015-09-11,52.0,Singingi,Kuantan Singingi,Riau
48447,-0.946321,101.904,2015-09-12,87.0,Kuatan Mudik,Kuantan Singingi,Riau
48448,-0.9476120000000001,101.896,2015-09-12,87.0,Kuatan Mudik,Kuantan Singingi,Riau
48469,-0.847836,101.68799999999999,2015-09-12,100.0,Kuatan Mudik,Kuantan Singingi,Riau
48470,-0.807331,101.859,2015-09-12,100.0,Kuatan Mudik,Kuantan Singingi,Riau
48472,-0.8037880000000001,101.83200000000001,2015-09-12,86.0,Kuatan Mudik,Kuantan Singingi,Riau
48473,-0.804741,101.859,2015-09-12,96.0,Kuatan Mudik,Kuantan Singingi,Riau
48475,-0.801348,101.833,2015-09-12,100.0,Kuatan Mudik,Kuantan Singingi,Riau
48476,-0.8026800000000001,101.824,2015-09-12,17.0,Kuatan Mudik,Kuantan Singingi,Riau
48477,-0.7840060000000001,101.848,2015-09-12,92.0,Kuatan Mudik,Kuantan Singingi,Riau
48478,-0.785316,101.839,2015-09-12,100.0,Kuatan Mudik,Kuantan Singingi,Riau
48479,-0.786621,101.831,2015-09-12,100.0,Kuatan Mudik,Kuantan Singingi,Riau
48480,-0.776663,101.846,2015-09-12,100.0,Kuatan Mudik,Kuantan Singingi,Riau
48481,-0.7779659999999999,101.838,2015-09-12,100.0,Kuatan Mudik,Kuantan Singingi,Riau
48482,-0.779269,101.829,2015-09-12,100.0,Kuatan Mudik,Kuantan Singingi,Riau
48483,-0.783239,101.803,2015-09-12,64.0,Kuatan Mudik,Kuantan Singingi,Riau
48484,-0.774552,101.811,2015-09-12,76.0,Kuatan Mudik,Kuantan Singingi,Riau
48510,-0.169371,101.53200000000001,2015-09-12,76.0,Kuatan Hilir,Kuantan Singingi,Riau
48511,-0.157946,101.55799999999999,2015-09-12,82.0,Kuatan Hilir,Kuantan Singingi,Riau
48512,-0.150534,101.556,2015-09-12,63.0,Kuatan Hilir,Kuantan Singingi,Riau
48514,-0.14445,101.54700000000001,2015-09-12,99.0,Kuatan Hilir,Kuantan Singingi,Riau
48515,-0.137041,101.546,2015-09-12,100.0,Kuatan Hilir,Kuantan Singingi,Riau
48518,-0.129624,101.544,2015-09-12,100.0,Kuatan Hilir,Kuantan Singingi,Riau
48519,-0.165631,101.20299999999999,2015-09-12,64.0,Singingi,Kuantan Singingi,Riau
48521,-0.11131600000000001,101.515,2015-09-12,84.0,Kuatan Hilir,Kuantan Singingi,Riau
48535,-0.778051,101.83695999999999,2015-09-12,94.0,Kuatan Mudik,Kuantan Singingi,Riau
48536,-0.763862,101.83470200000001,2015-09-12,89.0,Kuatan Mudik,Kuantan Singingi,Riau
48537,-0.774654,101.829842,2015-09-12,100.0,Kuatan Mudik,Kuantan Singingi,Riau
48538,-0.7604609999999999,101.827629,2015-09-12,74.0,Kuatan Mudik,Kuantan Singingi,Riau
48540,-0.13322799999999999,101.544586,2015-09-12,81.0,Kuatan Hilir,Kuantan Singingi,Riau
48562,-0.132049,101.541313,2015-09-13,38.0,Kuatan Hilir,Kuantan Singingi,Riau
48570,-0.766372,101.83028399999999,2015-09-13,96.0,Kuatan Mudik,Kuantan Singingi,Riau
48571,-0.7678149999999999,101.840012,2015-09-13,100.0,Kuatan Mudik,Kuantan Singingi,Riau
48572,-0.775732,101.828987,2015-09-13,49.0,Kuatan Mudik,Kuantan Singingi,Riau
48573,-0.777172,101.838722,2015-09-13,34.0,Kuatan Mudik,Kuantan Singingi,Riau
48575,-0.808081,101.85421,2015-09-13,27.0,Kuatan Mudik,Kuantan Singingi,Riau
48579,-0.8462559999999999,101.68274699999999,2015-09-13,36.0,Kuatan Mudik,Kuantan Singingi,Riau
48580,-0.847699,101.692497,2015-09-13,72.0,Kuatan Mudik,Kuantan Singingi,Riau
48582,-0.8571129999999999,101.6912,2015-09-13,36.0,Kuatan Mudik,Kuantan Singingi,Riau
48589,-0.961656,101.883896,2015-09-13,73.0,Kuatan Mudik,Kuantan Singingi,Riau
48591,-0.935478,101.903336,2015-09-13,14.0,Kuatan Mudik,Kuantan Singingi,Riau
48597,-0.893174,101.723145,2015-09-13,76.0,Kuatan Mudik,Kuantan Singingi,Riau
48599,-0.8368950000000001,101.868202,2015-09-13,66.0,Kuatan Mudik,Kuantan Singingi,Riau
48600,-0.825815,101.866646,2015-09-13,49.0,Kuatan Mudik,Kuantan Singingi,Riau
48601,-0.8525809999999999,101.681763,2015-09-13,66.0,Kuatan Mudik,Kuantan Singingi,Riau
48602,-0.839333,101.694122,2015-09-13,72.0,Kuatan Mudik,Kuantan Singingi,Riau
48603,-0.8413709999999999,101.679947,2015-09-13,93.0,Kuatan Mudik,Kuantan Singingi,Riau
48604,-0.80565,101.849586,2015-09-13,90.0,Kuatan Mudik,Kuantan Singingi,Riau
48610,-0.164999,101.199028,2015-09-13,63.0,Singingi,Kuantan Singingi,Riau
48618,-0.9589059999999999,101.884,2015-09-13,100.0,Kuatan Mudik,Kuantan Singingi,Riau
48619,-0.959741,101.87799999999999,2015-09-13,66.0,Kuatan Mudik,Kuantan Singingi,Riau
48621,-0.954958,101.884,2015-09-13,100.0,Kuatan Mudik,Kuantan Singingi,Riau
48636,-0.8461120000000001,101.69200000000001,2015-09-13,84.0,Kuatan Mudik,Kuantan Singingi,Riau
48637,-0.836875,101.684,2015-09-13,76.0,Kuatan Mudik,Kuantan Singingi,Riau
48638,-0.800564,101.855,2015-09-13,93.0,Kuatan Mudik,Kuantan Singingi,Riau
48641,-0.162247,101.199,2015-09-13,61.0,Singingi,Kuantan Singingi,Riau
48659,-0.16830699999999998,101.215523,2015-09-13,30.0,Singingi,Kuantan Singingi,Riau
48667,-0.796988,101.85942800000001,2015-09-13,29.0,Kuatan Mudik,Kuantan Singingi,Riau
48779,-0.517606,101.785,2015-09-14,72.0,Kuatan Hilir,Kuantan Singingi,Riau
48780,-0.7892020000000001,101.633,2015-09-14,87.0,Kuatan Mudik,Kuantan Singingi,Riau
48781,-0.790397,101.641,2015-09-14,54.0,Kuatan Mudik,Kuantan Singingi,Riau
48782,-0.789959,101.634,2015-09-14,100.0,Kuatan Mudik,Kuantan Singingi,Riau
48825,-0.9252879999999999,101.886581,2015-09-18,70.0,Kuatan Mudik,Kuantan Singingi,Riau
48858,-0.89446,101.718758,2015-09-18,76.0,Kuatan Mudik,Kuantan Singingi,Riau
48862,-0.818728,101.855728,2015-09-18,23.0,Kuatan Mudik,Kuantan Singingi,Riau
48868,-0.766295,101.839127,2015-09-18,76.0,Kuatan Mudik,Kuantan Singingi,Riau
48869,-0.7529279999999999,101.804199,2015-09-18,43.0,Kuatan Mudik,Kuantan Singingi,Riau
48966,-0.9252879999999999,101.886581,2015-09-18,70.0,Kuatan Mudik,Kuantan Singingi,Riau
48999,-0.89446,101.718758,2015-09-18,76.0,Kuatan Mudik,Kuantan Singingi,Riau
49003,-0.818728,101.855736,2015-09-18,23.0,Kuatan Mudik,Kuantan Singingi,Riau
49009,-0.7662939999999999,101.839127,2015-09-18,76.0,Kuatan Mudik,Kuantan Singingi,Riau
49010,-0.7529279999999999,101.804199,2015-09-18,43.0,Kuatan Mudik,Kuantan Singingi,Riau
49458,-0.94724,101.848,2015-09-23,50.0,Kuatan Mudik,Kuantan Singingi,Riau
49459,-0.9390639999999999,101.848,2015-09-23,83.0,Kuatan Mudik,Kuantan Singingi,Riau
49460,-0.945751,101.726364,2015-09-24,28.0,Kuatan Mudik,Kuantan Singingi,Riau
49481,-0.945752,101.726357,2015-09-24,28.0,Kuatan Mudik,Kuantan Singingi,Riau
49516,-0.956734,101.887,2015-10-03,91.0,Kuatan Mudik,Kuantan Singingi,Riau
49521,-0.8239569999999999,101.867,2015-10-03,62.0,Kuatan Mudik,Kuantan Singingi,Riau
49539,-0.760041,101.78399999999999,2015-10-05,56.0,Kuatan Mudik,Kuantan Singingi,Riau
49540,-0.761138,101.791,2015-10-05,50.0,Kuatan Mudik,Kuantan Singingi,Riau
49792,-0.9384299999999999,101.704903,2015-10-22,95.0,Kuatan Mudik,Kuantan Singingi,Riau
49793,-0.832944,101.564926,2015-10-22,11.0,Kuatan Mudik,Kuantan Singingi,Riau
49841,-0.78145,101.63295,2015-10-22,91.0,Kuatan Mudik,Kuantan Singingi,Riau
49842,-0.822212,101.57315799999999,2015-10-22,65.0,Kuatan Mudik,Kuantan Singingi,Riau
49844,-0.934459,101.713493,2015-10-22,55.0,Kuatan Mudik,Kuantan Singingi,Riau
49845,-0.942616,101.70118000000001,2015-10-22,100.0,Kuatan Mudik,Kuantan Singingi,Riau
49846,-0.9442280000000001,101.712013,2015-10-22,100.0,Kuatan Mudik,Kuantan Singingi,Riau
49847,-0.9458409999999999,101.72285500000001,2015-10-22,25.0,Kuatan Mudik,Kuantan Singingi,Riau
49848,-0.9460270000000001,101.705887,2015-10-22,100.0,Kuatan Mudik,Kuantan Singingi,Riau
49849,-0.9475870000000001,101.71682,2015-10-22,68.0,Kuatan Mudik,Kuantan Singingi,Riau
49933,-0.742052,101.791298,2015-10-29,89.0,Kuatan Mudik,Kuantan Singingi,Riau
49953,-0.930054,101.711,2015-10-31,52.0,Kuatan Mudik,Kuantan Singingi,Riau
50103,-0.767554,101.773,2016-10-11,28.0,Kuantan Mudik,Kuantan Singingi,Riau
50279,-0.690683,101.47200000000001,2017-10-19,76.0,Kuantan Mudik,Kuantan Singingi,Riau
50306,-0.205131,101.2,2017-10-20,74.0,Singingi Hilir,Kuantan Singingi,Riau
50552,-0.78556,101.556648,2014-09-01,60.0,Kuatan Mudik,Kuantan Singingi,Riau
50575,-0.9013450000000001,101.896828,2014-09-04,39.0,Kuatan Mudik,Kuantan Singingi,Riau
50576,0.850627,102.72728000000001,2014-09-04,34.0,Kuatan Mudik,Kuantan Singingi,Riau
50577,0.786624,102.259247,2014-09-04,41.0,Kuatan Mudik,Kuantan Singingi,Riau
50578,-1.0,113.45005800000001,2014-09-04,54.0,Kuatan Mudik,Kuantan Singingi,Riau
50580,-0.841342,101.734383,2014-09-08,68.0,Kuatan Mudik,Kuantan Singingi,Riau
50592,-0.8413430000000001,101.734375,2014-09-08,68.0,Kuatan Mudik,Kuantan Singingi,Riau
50619,-0.915007,101.885345,2014-09-14,60.0,Kuatan Mudik,Kuantan Singingi,Riau
50620,-0.861461,101.877434,2014-09-14,46.0,Kuatan Mudik,Kuantan Singingi,Riau
50630,-0.913258,101.888817,2014-09-14,44.0,Kuatan Mudik,Kuantan Singingi,Riau
50633,-0.915011,101.885338,2014-09-14,42.0,Kuatan Mudik,Kuantan Singingi,Riau
50634,-0.8614649999999999,101.877426,2014-09-14,46.0,Kuatan Mudik,Kuantan Singingi,Riau
50649,-0.8886069999999999,101.875908,2014-09-15,36.0,Kuatan Mudik,Kuantan Singingi,Riau
50656,-0.861733,101.872055,2014-09-15,91.0,Kuatan Mudik,Kuantan Singingi,Riau
50659,-0.852775,101.870766,2014-09-15,92.0,Kuatan Mudik,Kuantan Singingi,Riau
50660,-0.854049,101.861862,2014-09-15,98.0,Kuatan Mudik,Kuantan Singingi,Riau
50661,-0.843816,101.869484,2014-09-15,62.0,Kuatan Mudik,Kuantan Singingi,Riau
50662,-0.8680180000000001,101.700317,2014-09-15,62.0,Kuatan Mudik,Kuantan Singingi,Riau
50663,-0.869291,101.691422,2014-09-15,78.0,Kuatan Mudik,Kuantan Singingi,Riau
50665,-0.857792,101.707932,2014-09-15,100.0,Kuatan Mudik,Kuantan Singingi,Riau
50666,-0.859065,101.69903599999999,2014-09-15,100.0,Kuatan Mudik,Kuantan Singingi,Riau
50667,-0.8603379999999999,101.69013199999999,2014-09-15,98.0,Kuatan Mudik,Kuantan Singingi,Riau
50669,-0.802531,101.82976500000001,2014-09-15,51.0,Kuatan Mudik,Kuantan Singingi,Riau
50739,-0.856239,101.69593,2014-09-17,37.0,Kuatan Mudik,Kuantan Singingi,Riau
50767,-0.856239,101.69593,2014-09-17,37.0,Kuatan Mudik,Kuantan Singingi,Riau
50926,-0.856719,101.871948,2014-09-15,79.0,Kuatan Mudik,Kuantan Singingi,Riau
50930,-0.860592,101.69502299999999,2014-09-15,74.0,Kuatan Mudik,Kuantan Singingi,Riau
50931,-0.862191,101.70575699999999,2014-09-15,87.0,Kuatan Mudik,Kuantan Singingi,Riau
50932,-0.894534,101.855385,2014-09-15,31.0,Kuatan Mudik,Kuantan Singingi,Riau
50935,-0.8951690000000001,101.849533,2014-09-15,30.0,Kuatan Mudik,Kuantan Singingi,Riau
50936,-0.901452,101.893272,2014-09-15,57.0,Kuatan Mudik,Kuantan Singingi,Riau
50981,-0.9656950000000001,101.859543,2015-09-01,42.0,Kuatan Mudik,Kuantan Singingi,Riau
50989,-0.9560379999999999,101.87100000000001,2015-09-01,100.0,Kuatan Mudik,Kuantan Singingi,Riau
50990,-0.957151,101.863,2015-09-01,100.0,Kuatan Mudik,Kuantan Singingi,Riau
50991,-0.950297,101.86200000000001,2015-09-01,100.0,Kuatan Mudik,Kuantan Singingi,Riau
50992,-0.9514020000000001,101.855,2015-09-01,100.0,Kuatan Mudik,Kuantan Singingi,Riau
51049,-0.578555,101.291374,2015-09-01,56.0,Kuatan Mudik,Kuantan Singingi,Riau
51053,-0.755378,101.54435,2015-09-01,100.0,Kuatan Mudik,Kuantan Singingi,Riau
51056,-0.762775,101.537796,2015-09-01,100.0,Kuatan Mudik,Kuantan Singingi,Riau
51057,-0.765235,101.553894,2015-09-01,51.0,Kuatan Mudik,Kuantan Singingi,Riau
51066,-0.955824,101.864891,2015-09-01,32.0,Kuatan Mudik,Kuantan Singingi,Riau
51067,-0.947465,101.852455,2015-09-01,81.0,Kuatan Mudik,Kuantan Singingi,Riau
51076,-0.785696,101.83966099999999,2015-09-01,72.0,Kuatan Mudik,Kuantan Singingi,Riau
51077,-0.790404,101.806374,2015-09-01,83.0,Kuatan Mudik,Kuantan Singingi,Riau
51078,-0.7919689999999999,101.795311,2015-09-01,49.0,Kuatan Mudik,Kuantan Singingi,Riau
51082,-0.7663989999999999,101.54450200000001,2015-09-01,83.0,Kuatan Mudik,Kuantan Singingi,Riau
51083,-0.768051,101.533005,2015-09-01,100.0,Kuatan Mudik,Kuantan Singingi,Riau
51084,-0.7563479999999999,101.54287,2015-09-01,71.0,Kuatan Mudik,Kuantan Singingi,Riau
51085,-0.757963,101.53155500000001,2015-09-01,100.0,Kuatan Mudik,Kuantan Singingi,Riau
51105,-0.588969,101.28183,2015-09-01,73.0,Kuatan Mudik,Kuantan Singingi,Riau
51106,-0.578742,101.280312,2015-09-01,61.0,Kuatan Mudik,Kuantan Singingi,Riau
51114,-0.378287,101.251488,2015-09-01,27.0,Singingi,Kuantan Singingi,Riau
51116,-0.274879,101.696175,2015-09-01,67.0,Kuatan Hilir,Kuantan Singingi,Riau
51141,-0.142376,101.551399,2015-09-01,24.0,Kuatan Hilir,Kuantan Singingi,Riau
51144,-0.115647,101.524582,2015-09-01,78.0,Kuatan Hilir,Kuantan Singingi,Riau
51234,-0.955096,101.86216,2015-09-02,91.0,Kuatan Mudik,Kuantan Singingi,Riau
51235,-0.9563659999999999,101.85327099999999,2015-09-02,74.0,Kuatan Mudik,Kuantan Singingi,Riau
51236,-0.946152,101.860878,2015-09-02,94.0,Kuatan Mudik,Kuantan Singingi,Riau
51237,-0.947422,101.85198199999999,2015-09-02,96.0,Kuatan Mudik,Kuantan Singingi,Riau
51240,-0.923177,101.893883,2015-09-02,90.0,Kuatan Mudik,Kuantan Singingi,Riau
51251,-0.881793,101.854256,2015-09-02,86.0,Kuatan Mudik,Kuantan Singingi,Riau
51252,-0.8830629999999999,101.84536,2015-09-02,87.0,Kuatan Mudik,Kuantan Singingi,Riau
51276,-0.800689,101.845848,2015-09-02,57.0,Kuatan Mudik,Kuantan Singingi,Riau
51277,-0.8032279999999999,101.828064,2015-09-02,48.0,Kuatan Mudik,Kuantan Singingi,Riau
51279,-0.794284,101.826782,2015-09-02,41.0,Kuatan Mudik,Kuantan Singingi,Riau
51280,-0.796824,101.808998,2015-09-02,92.0,Kuatan Mudik,Kuantan Singingi,Riau
51281,-0.798093,101.80011,2015-09-02,63.0,Kuatan Mudik,Kuantan Singingi,Riau
51289,-0.7903640000000001,101.726425,2015-09-02,56.0,Kuatan Mudik,Kuantan Singingi,Riau
51290,-0.791633,101.717537,2015-09-02,44.0,Kuatan Mudik,Kuantan Singingi,Riau
51291,-0.779974,101.543495,2015-09-02,65.0,Kuatan Mudik,Kuantan Singingi,Riau
51292,-0.761616,101.534439,2015-09-02,79.0,Kuatan Mudik,Kuantan Singingi,Riau
51314,-0.586609,101.279099,2015-09-02,90.0,Kuatan Mudik,Kuantan Singingi,Riau
51367,-0.15154600000000001,101.555222,2015-09-02,86.0,Kuatan Hilir,Kuantan Singingi,Riau
51368,-0.152815,101.546341,2015-09-02,59.0,Kuatan Hilir,Kuantan Singingi,Riau
51377,-0.11256400000000001,101.507767,2015-09-02,41.0,Kuatan Hilir,Kuantan Singingi,Riau
51436,-0.11127100000000001,101.514084,2015-09-02,66.0,Kuatan Hilir,Kuantan Singingi,Riau
51471,-0.585536,101.27916,2015-09-02,72.0,Kuatan Mudik,Kuantan Singingi,Riau
51472,-0.5906239999999999,101.282761,2015-09-02,52.0,Kuatan Mudik,Kuantan Singingi,Riau
51485,-0.75889,101.53739200000001,2015-09-02,93.0,Kuatan Mudik,Kuantan Singingi,Riau
51486,-0.798059,101.804794,2015-09-02,70.0,Kuatan Mudik,Kuantan Singingi,Riau
51487,-0.76857,101.535995,2015-09-02,33.0,Kuatan Mudik,Kuantan Singingi,Riau
51492,-0.807829,101.513077,2015-09-02,46.0,Kuatan Mudik,Kuantan Singingi,Riau
51495,-0.947933,101.855469,2015-09-02,87.0,Kuatan Mudik,Kuantan Singingi,Riau
51496,-0.949578,101.86646999999999,2015-09-02,66.0,Kuatan Mudik,Kuantan Singingi,Riau
51497,-0.949681,101.859909,2015-09-02,84.0,Kuatan Mudik,Kuantan Singingi,Riau
51510,-0.9640790000000001,101.88600000000001,2015-09-02,80.0,Kuatan Mudik,Kuantan Singingi,Riau
51511,-0.965433,101.87700000000001,2015-09-02,80.0,Kuatan Mudik,Kuantan Singingi,Riau
51512,-0.9488030000000001,101.866,2015-09-02,100.0,Kuatan Mudik,Kuantan Singingi,Riau
51513,-0.9501719999999999,101.85700000000001,2015-09-02,90.0,Kuatan Mudik,Kuantan Singingi,Riau
51514,-0.9411510000000001,101.85600000000001,2015-09-02,100.0,Kuatan Mudik,Kuantan Singingi,Riau
51517,-0.916428,101.897,2015-09-02,74.0,Kuatan Mudik,Kuantan Singingi,Riau
51531,-0.795301,101.807,2015-09-02,92.0,Kuatan Mudik,Kuantan Singingi,Riau
51588,-0.770796,101.818062,2015-09-04,45.0,Kuatan Mudik,Kuantan Singingi,Riau
51599,-0.8388620000000001,101.735901,2015-09-04,61.0,Kuatan Mudik,Kuantan Singingi,Riau
51708,-0.839341,101.672218,2015-09-08,69.0,Kuatan Mudik,Kuantan Singingi,Riau
51709,-0.830117,101.670837,2015-09-08,34.0,Kuatan Mudik,Kuantan Singingi,Riau
51802,-0.9527709999999999,101.897141,2015-09-11,80.0,Kuatan Mudik,Kuantan Singingi,Riau
51807,-0.166713,101.201424,2015-09-11,52.0,Singingi,Kuantan Singingi,Riau
51823,-0.946321,101.904,2015-09-12,87.0,Kuatan Mudik,Kuantan Singingi,Riau
51824,-0.9476120000000001,101.896,2015-09-12,87.0,Kuatan Mudik,Kuantan Singingi,Riau
51845,-0.847836,101.68799999999999,2015-09-12,100.0,Kuatan Mudik,Kuantan Singingi,Riau
51846,-0.807331,101.859,2015-09-12,100.0,Kuatan Mudik,Kuantan Singingi,Riau
51848,-0.8037880000000001,101.83200000000001,2015-09-12,86.0,Kuatan Mudik,Kuantan Singingi,Riau
51849,-0.804741,101.859,2015-09-12,96.0,Kuatan Mudik,Kuantan Singingi,Riau
51851,-0.801348,101.833,2015-09-12,100.0,Kuatan Mudik,Kuantan Singingi,Riau
51852,-0.8026800000000001,101.824,2015-09-12,17.0,Kuatan Mudik,Kuantan Singingi,Riau
51853,-0.7840060000000001,101.848,2015-09-12,92.0,Kuatan Mudik,Kuantan Singingi,Riau
51854,-0.785316,101.839,2015-09-12,100.0,Kuatan Mudik,Kuantan Singingi,Riau
51855,-0.786621,101.831,2015-09-12,100.0,Kuatan Mudik,Kuantan Singingi,Riau
51856,-0.776663,101.846,2015-09-12,100.0,Kuatan Mudik,Kuantan Singingi,Riau
51857,-0.7779659999999999,101.838,2015-09-12,100.0,Kuatan Mudik,Kuantan Singingi,Riau
51858,-0.779269,101.829,2015-09-12,100.0,Kuatan Mudik,Kuantan Singingi,Riau
51859,-0.783239,101.803,2015-09-12,64.0,Kuatan Mudik,Kuantan Singingi,Riau
51860,-0.774552,101.811,2015-09-12,76.0,Kuatan Mudik,Kuantan Singingi,Riau
51886,-0.169371,101.53200000000001,2015-09-12,76.0,Kuatan Hilir,Kuantan Singingi,Riau
51887,-0.157946,101.55799999999999,2015-09-12,82.0,Kuatan Hilir,Kuantan Singingi,Riau
51888,-0.150534,101.556,2015-09-12,63.0,Kuatan Hilir,Kuantan Singingi,Riau
51890,-0.14445,101.54700000000001,2015-09-12,99.0,Kuatan Hilir,Kuantan Singingi,Riau
51891,-0.137041,101.546,2015-09-12,100.0,Kuatan Hilir,Kuantan Singingi,Riau
51894,-0.129624,101.544,2015-09-12,100.0,Kuatan Hilir,Kuantan Singingi,Riau
51895,-0.165631,101.20299999999999,2015-09-12,64.0,Singingi,Kuantan Singingi,Riau
51897,-0.11131600000000001,101.515,2015-09-12,84.0,Kuatan Hilir,Kuantan Singingi,Riau
51911,-0.778051,101.83695999999999,2015-09-12,94.0,Kuatan Mudik,Kuantan Singingi,Riau
51912,-0.763862,101.83470200000001,2015-09-12,89.0,Kuatan Mudik,Kuantan Singingi,Riau
51913,-0.774654,101.829842,2015-09-12,100.0,Kuatan Mudik,Kuantan Singingi,Riau
51914,-0.7604609999999999,101.827629,2015-09-12,74.0,Kuatan Mudik,Kuantan Singingi,Riau
51916,-0.13322799999999999,101.544586,2015-09-12,81.0,Kuatan Hilir,Kuantan Singingi,Riau
51938,-0.132049,101.541313,2015-09-13,38.0,Kuatan Hilir,Kuantan Singingi,Riau
51946,-0.766372,101.83028399999999,2015-09-13,96.0,Kuatan Mudik,Kuantan Singingi,Riau
51947,-0.7678149999999999,101.840012,2015-09-13,100.0,Kuatan Mudik,Kuantan Singingi,Riau
51948,-0.775732,101.828987,2015-09-13,49.0,Kuatan Mudik,Kuantan Singingi,Riau
51949,-0.777172,101.838722,2015-09-13,34.0,Kuatan Mudik,Kuantan Singingi,Riau
51951,-0.808081,101.85421,2015-09-13,27.0,Kuatan Mudik,Kuantan Singingi,Riau
51955,-0.8462559999999999,101.68274699999999,2015-09-13,36.0,Kuatan Mudik,Kuantan Singingi,Riau
51956,-0.847699,101.692497,2015-09-13,72.0,Kuatan Mudik,Kuantan Singingi,Riau
51958,-0.8571129999999999,101.6912,2015-09-13,36.0,Kuatan Mudik,Kuantan Singingi,Riau
51965,-0.961656,101.883896,2015-09-13,73.0,Kuatan Mudik,Kuantan Singingi,Riau
51967,-0.935478,101.903336,2015-09-13,14.0,Kuatan Mudik,Kuantan Singingi,Riau
51973,-0.893174,101.723145,2015-09-13,76.0,Kuatan Mudik,Kuantan Singingi,Riau
51975,-0.8368950000000001,101.868202,2015-09-13,66.0,Kuatan Mudik,Kuantan Singingi,Riau
51976,-0.825815,101.866646,2015-09-13,49.0,Kuatan Mudik,Kuantan Singingi,Riau
51977,-0.8525809999999999,101.681763,2015-09-13,66.0,Kuatan Mudik,Kuantan Singingi,Riau
51978,-0.839333,101.694122,2015-09-13,72.0,Kuatan Mudik,Kuantan Singingi,Riau
51979,-0.8413709999999999,101.679947,2015-09-13,93.0,Kuatan Mudik,Kuantan Singingi,Riau
51980,-0.80565,101.849586,2015-09-13,90.0,Kuatan Mudik,Kuantan Singingi,Riau
51986,-0.164999,101.199028,2015-09-13,63.0,Singingi,Kuantan Singingi,Riau
51994,-0.9589059999999999,101.884,2015-09-13,100.0,Kuatan Mudik,Kuantan Singingi,Riau
51995,-0.959741,101.87799999999999,2015-09-13,66.0,Kuatan Mudik,Kuantan Singingi,Riau
51997,-0.954958,101.884,2015-09-13,100.0,Kuatan Mudik,Kuantan Singingi,Riau
52012,-0.8461120000000001,101.69200000000001,2015-09-13,84.0,Kuatan Mudik,Kuantan Singingi,Riau
52013,-0.836875,101.684,2015-09-13,76.0,Kuatan Mudik,Kuantan Singingi,Riau
52014,-0.800564,101.855,2015-09-13,93.0,Kuatan Mudik,Kuantan Singingi,Riau
52017,-0.162247,101.199,2015-09-13,61.0,Singingi,Kuantan Singingi,Riau
52035,-0.16830699999999998,101.215523,2015-09-13,30.0,Singingi,Kuantan Singingi,Riau
52043,-0.796988,101.85942800000001,2015-09-13,29.0,Kuatan Mudik,Kuantan Singingi,Riau
52155,-0.517606,101.785,2015-09-14,72.0,Kuatan Hilir,Kuantan Singingi,Riau
52156,-0.7892020000000001,101.633,2015-09-14,87.0,Kuatan Mudik,Kuantan Singingi,Riau
52157,-0.790397,101.641,2015-09-14,54.0,Kuatan Mudik,Kuantan Singingi,Riau
52158,-0.789959,101.634,2015-09-14,100.0,Kuatan Mudik,Kuantan Singingi,Riau
52201,-0.9252879999999999,101.886581,2015-09-18,70.0,Kuatan Mudik,Kuantan Singingi,Riau
52234,-0.89446,101.718758,2015-09-18,76.0,Kuatan Mudik,Kuantan Singingi,Riau
52238,-0.818728,101.855728,2015-09-18,23.0,Kuatan Mudik,Kuantan Singingi,Riau
52244,-0.766295,101.839127,2015-09-18,76.0,Kuatan Mudik,Kuantan Singingi,Riau
52245,-0.7529279999999999,101.804199,2015-09-18,43.0,Kuatan Mudik,Kuantan Singingi,Riau
52342,-0.9252879999999999,101.886581,2015-09-18,70.0,Kuatan Mudik,Kuantan Singingi,Riau
52375,-0.89446,101.718758,2015-09-18,76.0,Kuatan Mudik,Kuantan Singingi,Riau
52379,-0.818728,101.855736,2015-09-18,23.0,Kuatan Mudik,Kuantan Singingi,Riau
52385,-0.7662939999999999,101.839127,2015-09-18,76.0,Kuatan Mudik,Kuantan Singingi,Riau
52386,-0.7529279999999999,101.804199,2015-09-18,43.0,Kuatan Mudik,Kuantan Singingi,Riau
52834,-0.94724,101.848,2015-09-23,50.0,Kuatan Mudik,Kuantan Singingi,Riau
52835,-0.9390639999999999,101.848,2015-09-23,83.0,Kuatan Mudik,Kuantan Singingi,Riau
52836,-0.945751,101.726364,2015-09-24,28.0,Kuatan Mudik,Kuantan Singingi,Riau
52857,-0.945752,101.726357,2015-09-24,28.0,Kuatan Mudik,Kuantan Singingi,Riau
52902,-0.8677219999999999,101.70299999999999,2016-09-03,28.0,Kuantan Mudik,Kuantan Singingi,Riau
52903,-0.865345,101.70299999999999,2016-09-03,32.0,Kuantan Mudik,Kuantan Singingi,Riau
52995,-0.157573,101.21198299999999,2016-09-13,37.0,Singingi Hilir,Kuantan Singingi,Riau
52996,-0.756628,101.712868,2016-09-13,53.0,Kuantan Mudik,Kuantan Singingi,Riau
53001,-0.823536,101.611588,2016-09-13,70.0,Kuantan Mudik,Kuantan Singingi,Riau
53033,-0.185125,101.52741999999999,2016-09-15,62.0,Logas Tanah Darat,Kuantan Singingi,Riau
53065,-0.18365499999999998,101.53250899999999,2016-09-15,40.0,Logas Tanah Darat,Kuantan Singingi,Riau
53132,-0.467896,101.406,2016-09-24,31.0,Singingi,Kuantan Singingi,Riau
53224,-0.64471,101.51,2017-09-18,52.0,Kuantan Mudik,Kuantan Singingi,Riau
53326,-0.9040959999999999,101.91799999999999,2018-09-14,75.0,Kuantan Mudik,Kuantan Singingi,Riau
53327,-0.905142,101.911,2018-09-14,94.0,Kuantan Mudik,Kuantan Singingi,Riau
